"IDkey","site","month","trial","chamber","time_code","slope","adj_slope","trial_date","site.y","month.y","trial.y","Chamber_no","Bag_no","ID","height_mm","length_mm","width_mm","dry_tin_A_weight_g","dry_tin_B_weight_g","scallop_wet_weight_g","tin_plus_dry_weight_A","tin_plus_dry_weight_B","dry_weight_gonad_g","dry_weight_body_g","dry_weight_total_g","volume_mL","notes","shell.wet.weight","animal_vol_L","sys_vol","O2_consumption_mg_per_g_per_hr","average_O2_consump_mg_g_hr"
"Bullhead_August_T1_DO2","Bullhead","August","Trial 1","DO2","40_50",-0.0260244522499997,-0.02577014175,"8/10/2022","Bullhead","August","T1","DO2","1A","BH_1A_2",50,55,21,1.0599,1.0546,20.5007,1.1333,2.1862,0.0734,1.1316,1.205,15,"",NA,0.015,1.28,1.62319814010373,2.16248435070125
"Bullhead_August_T1_DO2","Bullhead","August","Trial 1","DO2","20_30",-0.0388247527500001,-0.0385704420000009,"8/10/2022","Bullhead","August","T1","DO2","1A","BH_1A_2",50,55,21,1.0599,1.0546,20.5007,1.1333,2.1862,0.0734,1.1316,1.205,15,"",NA,0.015,1.28,2.42945771601665,2.16248435070125
"Bullhead_August_T1_DO2","Bullhead","August","Trial 1","DO2","30_40",-0.0350948639999993,-0.035942566,"8/10/2022","Bullhead","August","T1","DO2","1A","BH_1A_2",50,55,21,1.0599,1.0546,20.5007,1.1333,2.1862,0.0734,1.1316,1.205,15,"",NA,0.015,1.28,2.26393424016597,2.16248435070125
"Bullhead_August_T1_DO2","Bullhead","August","Trial 1","DO2","50_60",-0.0350100937499996,-0.0362816467499997,"8/10/2022","Bullhead","August","T1","DO2","1A","BH_1A_2",50,55,21,1.0599,1.0546,20.5007,1.1333,2.1862,0.0734,1.1316,1.205,15,"",NA,0.015,1.28,2.28529210649376,2.16248435070125
"Bullhead_August_T1_DO2","Bullhead","August","Trial 1","DO2","10_20",-0.032636527999999,-0.0350948637499997,"8/10/2022","Bullhead","August","T1","DO2","1A","BH_1A_2",50,55,21,1.0599,1.0546,20.5007,1.1333,2.1862,0.0734,1.1316,1.205,15,"",NA,0.015,1.28,2.21053955072612,2.16248435070125
"Bullhead_August_T1_DO3","Bullhead","August","Trial 1","DO3","10_20",-0.021616401749999,-0.0240747374999997,"8/10/2022","Bullhead","August","T1","DO3","2A","BH_2A_3",50,57,23,1.0359,1.0379,23.7815,1.1056,2.1502,0.0697,1.1123,1.182,20,"",NA,0.02,1.24,1.49092282994922,1.6242659285787
"Bullhead_August_T1_DO3","Bullhead","August","Trial 1","DO3","20_30",-0.0351796340000002,-0.034925323250001,"8/10/2022","Bullhead","August","T1","DO3","2A","BH_2A_3",50,57,23,1.0359,1.0379,23.7815,1.1056,2.1502,0.0697,1.1123,1.182,20,"",NA,0.02,1.24,2.16288803883255,1.6242659285787
"Bullhead_August_T1_DO3","Bullhead","August","Trial 1","DO3","30_40",-0.0267873839999997,-0.0276350860000004,"8/10/2022","Bullhead","August","T1","DO3","2A","BH_2A_3",50,57,23,1.0359,1.0379,23.7815,1.1056,2.1502,0.0697,1.1123,1.182,20,"",NA,0.02,1.24,1.71141141725891,1.6242659285787
"Bullhead_August_T1_DO3","Bullhead","August","Trial 1","DO3","40_50",-0.0206839294999999,-0.0204296190000002,"8/10/2022","Bullhead","August","T1","DO3","2A","BH_2A_3",50,57,23,1.0359,1.0379,23.7815,1.1056,2.1502,0.0697,1.1123,1.182,20,"",NA,0.02,1.24,1.26518452690357,1.6242659285787
"Bullhead_August_T1_DO3","Bullhead","August","Trial 1","DO3","50_60",-0.0228031845000001,-0.0240747375000002,"8/10/2022","Bullhead","August","T1","DO3","2A","BH_2A_3",50,57,23,1.0359,1.0379,23.7815,1.1056,2.1502,0.0697,1.1123,1.182,20,"",NA,0.02,1.24,1.49092282994925,1.6242659285787
"Bullhead_August_T1_DO4","Bullhead","August","Trial 1","DO4","10_20",-0.0278046264999998,-0.0302629622500005,"8/10/2022","Bullhead","August","T1","DO4","3A","BH_3A_4",52,58,22,1.0395,1.0386,25.2647,1.1249,2.2961,0.0854,1.2575,1.3429,20,"",NA,0.02,1.25,1.66312205975876,1.27086750060316
"Bullhead_August_T1_DO4","Bullhead","August","Trial 1","DO4","20_30",-0.0194971464999992,-0.01924283575,"8/10/2022","Bullhead","August","T1","DO4","3A","BH_3A_4",52,58,22,1.0395,1.0386,25.2647,1.1249,2.2961,0.0854,1.2575,1.3429,20,"",NA,0.02,1.25,1.05750337206791,1.27086750060316
"Bullhead_August_T1_DO4","Bullhead","August","Trial 1","DO4","50_60",-0.0172083509999992,-0.0184799039999993,"8/10/2022","Bullhead","August","T1","DO4","3A","BH_3A_4",52,58,22,1.0395,1.0386,25.2647,1.1249,2.2961,0.0854,1.2575,1.3429,20,"",NA,0.02,1.25,1.01557592910861,1.27086750060316
"Bullhead_August_T1_DO4","Bullhead","August","Trial 1","DO4","40_50",-0.0236508864999996,-0.0233965759999999,"8/10/2022","Bullhead","August","T1","DO4","3A","BH_3A_4",52,58,22,1.0395,1.0386,25.2647,1.1249,2.2961,0.0854,1.2575,1.3429,20,"",NA,0.02,1.25,1.28577504564747,1.27086750060316
"Bullhead_August_T1_DO4","Bullhead","August","Trial 1","DO4","30_40",-0.023396575999999,-0.0242442779999997,"8/10/2022","Bullhead","August","T1","DO4","3A","BH_3A_4",52,58,22,1.0395,1.0386,25.2647,1.1249,2.2961,0.0854,1.2575,1.3429,20,"",NA,0.02,1.25,1.33236109643308,1.27086750060316
"Bullhead_August_T2_DO1","Bullhead","August","Trial 2","DO1","20_30",-0.00474713124999939,-0.00449282050000014,"8/10/2022","Bullhead","August","T2","DO1","3A","BH_3A_1",46,51,20,1.0701,1.0629,18.6765,1.1149,1.6287,0.0448,0.5658,0.6106,15,"",NA,0.015,1.26,0.549645744104177,0.978991676973505
"Bullhead_August_T2_DO1","Bullhead","August","Trial 2","DO1","30_40",-0.00449282050000014,-0.00534052250000086,"8/10/2022","Bullhead","August","T2","DO1","3A","BH_3A_1",46,51,20,1.0701,1.0629,18.6765,1.1149,1.6287,0.0448,0.5658,0.6106,15,"",NA,0.015,1.26,0.653352490583138,0.978991676973505
"Bullhead_August_T2_DO1","Bullhead","August","Trial 2","DO1","40_50",-0.00771408799999951,-0.0074597774999998,"8/10/2022","Bullhead","August","T2","DO1","3A","BH_3A_1",46,51,20,1.0701,1.0629,18.6765,1.1149,1.6287,0.0448,0.5658,0.6106,15,"",NA,0.015,1.26,0.912619356780192,0.978991676973505
"Bullhead_August_T2_DO1","Bullhead","August","Trial 2","DO1","10_20",-0.00695115624999961,-0.00940949200000033,"8/10/2022","Bullhead","August","T2","DO1","3A","BH_3A_1",46,51,20,1.0701,1.0629,18.6765,1.1149,1.6287,0.0448,0.5658,0.6106,15,"",NA,0.015,1.26,1.1511448614478,0.978991676973505
"Bullhead_August_T2_DO1","Bullhead","August","Trial 2","DO1","50_60",-0.0120373685000002,-0.0133089215000004,"8/10/2022","Bullhead","August","T2","DO1","3A","BH_3A_1",46,51,20,1.0701,1.0629,18.6765,1.1149,1.6287,0.0448,0.5658,0.6106,15,"",NA,0.015,1.26,1.62819593195222,0.978991676973505
"Bullhead_August_T2_DO2","Bullhead","August","Trial 2","DO2","40_50",-0.0661207554999994,-0.0658664449999997,"8/10/2022","Bullhead","August","T2","DO2","2A","BH_2A_2",46,51,21,1.0647,1.0668,22.7819,1.2378,2.1299,0.1731,1.0631,1.2362,20,"",NA,0.02,1.28,4.02807251415627,4.11516597078143
"Bullhead_August_T2_DO2","Bullhead","August","Trial 2","DO2","20_30",-0.0662055257499997,-0.0659512150000005,"8/10/2022","Bullhead","August","T2","DO2","2A","BH_2A_2",46,51,21,1.0647,1.0668,22.7819,1.2378,2.1299,0.1731,1.0631,1.2362,20,"",NA,0.02,1.28,4.03325663646662,4.11516597078143
"Bullhead_August_T2_DO2","Bullhead","August","Trial 2","DO2","10_20",-0.0619670157499996,-0.0644253515000003,"8/10/2022","Bullhead","August","T2","DO2","2A","BH_2A_2",46,51,21,1.0647,1.0668,22.7819,1.2378,2.1299,0.1731,1.0631,1.2362,20,"",NA,0.02,1.28,3.93994222083807,4.11516597078143
"Bullhead_August_T2_DO2","Bullhead","August","Trial 2","DO2","50_60",-0.0694267934999989,-0.070698346499999,"8/10/2022","Bullhead","August","T2","DO2","2A","BH_2A_2",46,51,21,1.0647,1.0668,22.7819,1.2378,2.1299,0.1731,1.0631,1.2362,20,"",NA,0.02,1.28,4.32356818912791,4.11516597078143
"Bullhead_August_T2_DO2","Bullhead","August","Trial 2","DO2","30_40",-0.0686638614999998,-0.0695115635000005,"8/10/2022","Bullhead","August","T2","DO2","2A","BH_2A_2",46,51,21,1.0647,1.0668,22.7819,1.2378,2.1299,0.1731,1.0631,1.2362,20,"",NA,0.02,1.28,4.25099029331827,4.11516597078143
"Bullhead_August_T2_DO3","Bullhead","August","Trial 2","DO3","50_60",-0.0284827879999997,-0.0297543409999998,"8/10/2022","Bullhead","August","T2","DO3","1A","BH_1A_3",50,56,22,1.0496,1.0305,25.3633,1.1374,2.2043,0.0878,1.1738,1.2616,20,"",NA,0.02,1.24,1.72639327932783,1.51194670496195
"Bullhead_August_T2_DO3","Bullhead","August","Trial 2","DO3","40_50",-0.0258549117499993,-0.0256006012499996,"8/10/2022","Bullhead","August","T2","DO3","1A","BH_1A_3",50,56,22,1.0496,1.0305,25.3633,1.1374,2.2043,0.0878,1.1738,1.2616,20,"",NA,0.02,1.24,1.48538681951488,1.51194670496195
"Bullhead_August_T2_DO3","Bullhead","August","Trial 2","DO3","30_40",-0.0227184142499994,-0.0235661162500001,"8/10/2022","Bullhead","August","T2","DO3","1A","BH_1A_3",50,56,22,1.0496,1.0305,25.3633,1.1374,2.2043,0.0878,1.1738,1.2616,20,"",NA,0.02,1.24,1.36734282617312,1.51194670496195
"Bullhead_August_T2_DO3","Bullhead","August","Trial 2","DO3","20_30",-0.0230574949999993,-0.02280318425,"8/10/2022","Bullhead","August","T2","DO3","1A","BH_1A_3",50,56,22,1.0496,1.0305,25.3633,1.1374,2.2043,0.0878,1.1738,1.2616,20,"",NA,0.02,1.24,1.32307632141725,1.51194670496195
"Bullhead_August_T2_DO3","Bullhead","August","Trial 2","DO3","10_20",-0.0261092222499994,-0.0285675580000001,"8/10/2022","Bullhead","August","T2","DO3","1A","BH_1A_3",50,56,22,1.0496,1.0305,25.3633,1.1374,2.2043,0.0878,1.1738,1.2616,20,"",NA,0.02,1.24,1.65753427837667,1.51194670496195
"Bullhead_August_T3_DO1","Bullhead","August","Trial 3","DO1","10_20",-0.0190732950000001,-0.0215316307500008,"8/10/2022","Bullhead","August","T3","DO1","1A","BH_1A_1",51,55,22,1.0543,1.0612,25.2801,1.1477,1.9199,0.0934,0.8587,0.9521,15,"",NA,0.015,1.26,1.68933181076049,1.54567208718624
"Bullhead_August_T3_DO1","Bullhead","August","Trial 3","DO1","30_40",-0.0205143882500001,-0.0213620902500008,"8/10/2022","Bullhead","August","T3","DO1","1A","BH_1A_1",51,55,22,1.0543,1.0612,25.2801,1.1477,1.9199,0.0934,0.8587,0.9521,15,"",NA,0.015,1.26,1.6760299776022,1.54567208718624
"Bullhead_August_T3_DO1","Bullhead","August","Trial 3","DO1","20_30",-0.0218707114999991,-0.0216164007499999,"8/10/2022","Bullhead","August","T3","DO1","1A","BH_1A_1",51,55,22,1.0543,1.0612,25.2801,1.1477,1.9199,0.0934,0.8587,0.9521,15,"",NA,0.015,1.26,1.69598270772502,1.54567208718624
"Bullhead_August_T3_DO1","Bullhead","August","Trial 3","DO1","40_50",-0.0244138172500001,-0.0241595067500004,"8/10/2022","Bullhead","August","T3","DO1","1A","BH_1A_1",51,55,22,1.0543,1.0612,25.2801,1.1477,1.9199,0.0934,0.8587,0.9521,15,"",NA,0.015,1.26,1.89551008741207,1.54567208718624
"Bullhead_August_T3_DO1","Bullhead","August","Trial 3","DO1","50_60",-0.00856178999999957,-0.00983334299999969,"8/10/2022","Bullhead","August","T3","DO1","1A","BH_1A_1",51,55,22,1.0543,1.0612,25.2801,1.1477,1.9199,0.0934,0.8587,0.9521,15,"",NA,0.015,1.26,0.771505852431443,1.54567208718624
"Bullhead_August_T3_DO3","Bullhead","August","Trial 3","DO3","50_60",-0.00534052274999912,-0.00661207574999924,"8/10/2022","Bullhead","August","T3","DO3","3A","BH_3A_3",52,53,21,1.0501,1.05,23.3877,1.1277,1.9759,0.0776,0.9259,1.0035,15,"",NA,0.015,1.24,0.484292543721917,0.668075356875923
"Bullhead_August_T3_DO3","Bullhead","August","Trial 3","DO3","40_50",-0.00559483324999946,-0.00534052274999976,"8/10/2022","Bullhead","August","T3","DO3","3A","BH_3A_3",52,53,21,1.0501,1.05,23.3877,1.1277,1.9759,0.0776,0.9259,1.0035,15,"",NA,0.015,1.24,0.391159364349758,0.668075356875923
"Bullhead_August_T3_DO3","Bullhead","August","Trial 3","DO3","10_20",-0.0129698409999998,-0.0154281767500005,"8/10/2022","Bullhead","August","T3","DO3","3A","BH_3A_3",52,53,21,1.0501,1.05,23.3877,1.1277,1.9759,0.0776,0.9259,1.0035,15,"",NA,0.015,1.24,1.13001593535131,0.668075356875923
"Bullhead_August_T3_DO3","Bullhead","August","Trial 3","DO3","20_30",-0.0122069092499989,-0.0119525984999997,"8/10/2022","Bullhead","August","T3","DO3","3A","BH_3A_3",52,53,21,1.0501,1.05,23.3877,1.1277,1.9759,0.0776,0.9259,1.0035,15,"",NA,0.015,1.24,0.875451908071725,0.668075356875923
"Bullhead_August_T3_DO3","Bullhead","August","Trial 3","DO3","30_40",-0.00542529299999931,-0.00627299500000003,"8/10/2022","Bullhead","August","T3","DO3","3A","BH_3A_3",52,53,21,1.0501,1.05,23.3877,1.1277,1.9759,0.0776,0.9259,1.0035,15,"",NA,0.015,1.24,0.459457032884905,0.668075356875923
"Bullhead_earlyJuly_T1_DO1","Bullhead","earlyJuly","Trial 1","DO1","50_60",-0.038485670557499,-0.0386552109574995,"6/29/2022","Bullhead","earlyJuly","T1","DO1","3A","BH_3A_1",46,49,19,2.2137,2.1711,17.7922,2.3118,2.9207,0.0981,0.7496,0.8477,20,"",NA,0.02,1.26,3.39264798305764,2.5921021002383
"Bullhead_earlyJuly_T1_DO1","Bullhead","earlyJuly","Trial 1","DO1","20_30",-0.0315345142024999,-0.0231422644775007,"6/29/2022","Bullhead","earlyJuly","T1","DO1","3A","BH_3A_1",46,49,19,2.2137,2.1711,17.7922,2.3118,2.9207,0.0981,0.7496,0.8477,20,"",NA,0.02,1.26,2.03112478132129,2.5921021002383
"Bullhead_earlyJuly_T1_DO1","Bullhead","earlyJuly","Trial 1","DO1","10_20",-0.0307715824049997,-0.0320431354049998,"6/29/2022","Bullhead","earlyJuly","T1","DO1","3A","BH_3A_1",46,49,19,2.2137,2.1711,17.7922,2.3118,2.9207,0.0981,0.7496,0.8477,20,"",NA,0.02,1.26,2.81232661806298,2.5921021002383
"Bullhead_earlyJuly_T1_DO1","Bullhead","earlyJuly","Trial 1","DO1","30_40",-0.0352644029774998,-0.0303477314275003,"6/29/2022","Bullhead","earlyJuly","T1","DO1","3A","BH_3A_1",46,49,19,2.2137,2.1711,17.7922,2.3118,2.9207,0.0981,0.7496,0.8477,20,"",NA,0.02,1.26,2.66352626897018,2.5921021002383
"Bullhead_earlyJuly_T1_DO1","Bullhead","earlyJuly","Trial 1","DO1","40_50",-0.0345014711824997,-0.0234813452575,"6/29/2022","Bullhead","earlyJuly","T1","DO1","3A","BH_3A_1",46,49,19,2.2137,2.1711,17.7922,2.3118,2.9207,0.0981,0.7496,0.8477,20,"",NA,0.02,1.26,2.0608848497794,2.5921021002383
"Bullhead_earlyJuly_T1_DO4","Bullhead","earlyJuly","Trial 1","DO4","30_40",-0.0113592067250001,-0.00644253517500062,"6/29/2022","Bullhead","earlyJuly","T1","DO4","2A","BH_2A_4",47,51,22,2.1734,2.2001,23.1911,2.2902,3.1474,0.1168,0.9473,1.0641,20,"",NA,0.02,1.25,0.446818058373316,0.33119408725688
"Bullhead_earlyJuly_T1_DO4","Bullhead","earlyJuly","Trial 1","DO4","40_50",-0.0160215677000003,-0.00500144177500061,"6/29/2022","Bullhead","earlyJuly","T1","DO4","2A","BH_2A_4",47,51,22,2.1734,2.2001,23.1911,2.2902,3.1474,0.1168,0.9473,1.0641,20,"",NA,0.02,1.25,0.346871913349352,0.33119408725688
"Bullhead_earlyJuly_T1_DO4","Bullhead","earlyJuly","Trial 1","DO4","20_30",-0.0112744365249998,-0.00288218680000065,"6/29/2022","Bullhead","earlyJuly","T1","DO4","2A","BH_2A_4",47,51,22,2.1734,2.2001,23.1911,2.2902,3.1474,0.1168,0.9473,1.0641,20,"",NA,0.02,1.25,0.199892290047973,0.33119408725688
"Bullhead_earlyJuly_T2_DO1","Bullhead","earlyJuly","Trial 2","DO1","30_40",-0.0438261931249989,-0.0389095215749994,"6/29/2022","Bullhead","earlyJuly","T2","DO1","2A","BH_2A_1",55,61,22,2.1565,2.2701,27.9738,2.3145,3.5219,0.158,1.2518,1.4098,20,"",NA,0.02,1.26,2.05338942061282,1.88428676199461
"Bullhead_earlyJuly_T2_DO1","Bullhead","earlyJuly","Trial 2","DO1","40_50",-0.0319583651999997,-0.020938239275,"6/29/2022","Bullhead","earlyJuly","T2","DO1","2A","BH_2A_1",55,61,22,2.1565,2.2701,27.9738,2.3145,3.5219,0.158,1.2518,1.4098,20,"",NA,0.02,1.26,1.1049829777699,1.88428676199461
"Bullhead_earlyJuly_T2_DO1","Bullhead","earlyJuly","Trial 2","DO1","20_30",-0.0426394103249997,-0.0342471606000005,"6/29/2022","Bullhead","earlyJuly","T2","DO1","2A","BH_2A_1",55,61,22,2.1565,2.2701,27.9738,2.3145,3.5219,0.158,1.2518,1.4098,20,"",NA,0.02,1.26,1.8073405792595,1.88428676199461
"Bullhead_earlyJuly_T2_DO1","Bullhead","earlyJuly","Trial 2","DO1","10_20",-0.0472170010999996,-0.0484885540999998,"6/29/2022","Bullhead","earlyJuly","T2","DO1","2A","BH_2A_1",55,61,22,2.1565,2.2701,27.9738,2.3145,3.5219,0.158,1.2518,1.4098,20,"",NA,0.02,1.26,2.55890794796424,1.88428676199461
"Bullhead_earlyJuly_T2_DO1","Bullhead","earlyJuly","Trial 2","DO1","50_60",-0.0357730241749997,-0.0359425645750002,"6/29/2022","Bullhead","earlyJuly","T2","DO1","2A","BH_2A_1",55,61,22,2.1565,2.2701,27.9738,2.3145,3.5219,0.158,1.2518,1.4098,20,"",NA,0.02,1.26,1.89681288436659,1.88428676199461
"Bullhead_earlyJuly_T2_DO4","Bullhead","earlyJuly","Trial 2","DO4","40_50",-0.0645948919999995,-0.0535747660749999,"6/29/2022","Bullhead","earlyJuly","T2","DO4","1A","BH_1A_4",49,53,20,2.2207,2.2525,21.0404,2.4185,3.0831,0.1978,0.8306,1.0284,10,"",NA,0.01,1.25,3.87588739399066,3.14909036610915
"Bullhead_earlyJuly_T2_DO4","Bullhead","earlyJuly","Trial 2","DO4","50_60",-0.0675147544222213,-0.0676842948222218,"6/29/2022","Bullhead","earlyJuly","T2","DO4","1A","BH_1A_4",49,53,20,2.2207,2.2525,21.0404,2.4185,3.0831,0.1978,0.8306,1.0284,10,"",NA,0.01,1.25,4.89664676660181,3.14909036610915
"Bullhead_earlyJuly_T2_DO4","Bullhead","earlyJuly","Trial 2","DO4","30_40",-0.0473865414999994,-0.0424698699499999,"6/29/2022","Bullhead","earlyJuly","T2","DO4","1A","BH_1A_4",49,53,20,2.2207,2.2525,21.0404,2.4185,3.0831,0.1978,0.8306,1.0284,10,"",NA,0.01,1.25,3.07249934294048,3.14909036610915
"Bullhead_earlyJuly_T2_DO4","Bullhead","earlyJuly","Trial 2","DO4","20_30",-0.0336537691749996,-0.0252615194500004,"6/29/2022","Bullhead","earlyJuly","T2","DO4","1A","BH_1A_4",49,53,20,2.2207,2.2525,21.0404,2.4185,3.0831,0.1978,0.8306,1.0284,10,"",NA,0.01,1.25,1.82755449929991,3.14909036610915
"Bullhead_earlyJuly_T2_DO4","Bullhead","earlyJuly","Trial 2","DO4","10_20",-0.0273807744249992,-0.0286523274249993,"6/29/2022","Bullhead","earlyJuly","T2","DO4","1A","BH_1A_4",49,53,20,2.2207,2.2525,21.0404,2.4185,3.0831,0.1978,0.8306,1.0284,10,"",NA,0.01,1.25,2.0728638277129,3.14909036610915
"Cowyard_August_T1_DO1","Cowyard","August","Trial 1","DO1","10_20",-0.0219554817499996,-0.0274655447499995,"8/18/2022","Cowyard","August","T1","DO1","1A","CY_1A_1",48,56,20,1.0534,1.055,23.4377,1.1415,2.3295,0.0881,1.2745,1.3626,20,"",10.6367,0.02,1.26,1.4996598630559,1.20065360149713
"Cowyard_August_T1_DO1","Cowyard","August","Trial 1","DO1","20_30",-0.0194971457499996,-0.0209382392500001,"8/18/2022","Cowyard","August","T1","DO1","1A","CY_1A_1",48,56,20,1.0534,1.055,23.4377,1.1415,2.3295,0.0881,1.2745,1.3626,20,"",10.6367,0.02,1.26,1.14325921047997,1.20065360149713
"Cowyard_August_T1_DO1","Cowyard","August","Trial 1","DO1","30_40",-0.0199209969999998,-0.01966668625,"8/18/2022","Cowyard","August","T1","DO1","1A","CY_1A_1",48,56,20,1.0534,1.055,23.4377,1.1415,2.3295,0.0881,1.2745,1.3626,20,"",10.6367,0.02,1.26,1.07383051298987,1.20065360149713
"Cowyard_August_T1_DO1","Cowyard","August","Trial 1","DO1","40_50",-0.0142413934999999,-0.0187342140000003,"8/18/2022","Cowyard","August","T1","DO1","1A","CY_1A_1",48,56,20,1.0534,1.055,23.4377,1.1415,2.3295,0.0881,1.2745,1.3626,20,"",10.6367,0.02,1.26,1.02291613210041,1.20065360149713
"Cowyard_August_T1_DO1","Cowyard","August","Trial 1","DO1","50_60",-0.0194971459999994,-0.0231422644999994,"8/18/2022","Cowyard","August","T1","DO1","1A","CY_1A_1",48,56,20,1.0534,1.055,23.4377,1.1415,2.3295,0.0881,1.2745,1.3626,20,"",10.6367,0.02,1.26,1.2636022888595,1.20065360149713
"Cowyard_August_T1_DO2","Cowyard","August","Trial 1","DO2","50_60",-0.0595086802499994,-0.0631537987499994,"8/18/2022","Cowyard","August","T1","DO2","2A","CY_2A_2",46,51,21,1.0462,1.0475,21.5561,1.2664,2.2351,0.2202,1.1876,1.4078,20,"",8.5473,0.02,1.28,3.3914101331865,2.37990498556612
"Cowyard_August_T1_DO2","Cowyard","August","Trial 1","DO2","10_20",-0.0304325017499998,-0.0359425647499998,"8/18/2022","Cowyard","August","T1","DO2","2A","CY_2A_2",46,51,21,1.0462,1.0475,21.5561,1.2664,2.2351,0.2202,1.1876,1.4078,20,"",8.5473,0.02,1.28,1.93014483243357,2.37990498556612
"Cowyard_August_T1_DO2","Cowyard","August","Trial 1","DO2","20_30",-0.0367902664999994,-0.0382313599999998,"8/18/2022","Cowyard","August","T1","DO2","2A","CY_2A_2",46,51,21,1.0462,1.0475,21.5561,1.2664,2.2351,0.2202,1.1876,1.4078,20,"",8.5473,0.02,1.28,2.05305499076573,2.37990498556612
"Cowyard_August_T1_DO2","Cowyard","August","Trial 1","DO2","40_50",-0.0445043547499999,-0.0489971752500003,"8/18/2022","Cowyard","August","T1","DO2","2A","CY_2A_2",46,51,21,1.0462,1.0475,21.5561,1.2664,2.2351,0.2202,1.1876,1.4078,20,"",8.5473,0.02,1.28,2.63118798756928,2.37990498556612
"Cowyard_August_T1_DO2","Cowyard","August","Trial 1","DO2","30_40",-0.0355187134999992,-0.0352644027499994,"8/18/2022","Cowyard","August","T1","DO2","2A","CY_2A_2",46,51,21,1.0462,1.0475,21.5561,1.2664,2.2351,0.2202,1.1876,1.4078,20,"",8.5473,0.02,1.28,1.89372698387552,2.37990498556612
"Cowyard_August_T2_DO2","Cowyard","August","Trial 2","DO2","30_40",-0.0164454184999997,-0.0193276052500002,"8/18/2022","Cowyard","August","T2","DO2","1A","CY_1A_2",45,51,22,1.0527,1.0501,23.5577,1.1706,2.145,0.1179,1.0949,1.2128,20,"",10.8838,0.02,1.28,1.20478805812996,1.2646751994558
"Cowyard_August_T2_DO2","Cowyard","August","Trial 2","DO2","10_20",-0.0183103632499995,-0.0210230097499998,"8/18/2022","Cowyard","August","T2","DO2","1A","CY_1A_2",45,51,22,1.0527,1.0501,23.5577,1.1706,2.145,0.1179,1.0949,1.2128,20,"",10.8838,0.02,1.28,1.31047125420513,1.2646751994558
"Cowyard_August_T2_DO2","Cowyard","August","Trial 2","DO2","40_50",-0.0193276054999997,-0.02051438825,"8/18/2022","Cowyard","August","T2","DO2","1A","CY_1A_2",45,51,22,1.0527,1.0501,23.5577,1.1706,2.145,0.1179,1.0949,1.2128,20,"",10.8838,0.02,1.28,1.27876628603232,1.2646751994558
"Cowyard_August_T2_DO3","Cowyard","August","Trial 2","DO3","30_40",-0.0152586364999994,-0.0181408232499998,"8/18/2022","Cowyard","August","T2","DO3","2A","CY_2A_3",53,58,23,1.0392,1.0534,27.2124,1.2111,2.5327,0.1719,1.4793,1.6512,20,"",11.5977,0.02,1.24,0.804208007449119,0.84013431343023
"Cowyard_August_T2_DO3","Cowyard","August","Trial 2","DO3","50_60",-0.0156655333999997,-0.0195649626499996,"8/18/2022","Cowyard","August","T2","DO3","2A","CY_2A_3",53,58,23,1.0392,1.0534,27.2124,1.2111,2.5327,0.1719,1.4793,1.6512,20,"",11.5977,0.02,1.24,0.867342094222368,0.84013431343023
"Cowyard_August_T2_DO3","Cowyard","August","Trial 2","DO3","40_50",-0.015004326,-0.0161911087500002,"8/18/2022","Cowyard","August","T2","DO3","2A","CY_2A_3",53,58,23,1.0392,1.0534,27.2124,1.2111,2.5327,0.1719,1.4793,1.6512,20,"",11.5977,0.02,1.24,0.717774443132278,0.84013431343023
"Cowyard_August_T2_DO3","Cowyard","August","Trial 2","DO3","10_20",-0.0189885254999998,-0.0217011720000001,"8/18/2022","Cowyard","August","T2","DO3","2A","CY_2A_3",53,58,23,1.0392,1.0534,27.2124,1.2111,2.5327,0.1719,1.4793,1.6512,20,"",11.5977,0.02,1.24,0.962043235465119,0.84013431343023
"Cowyard_August_T2_DO3","Cowyard","August","Trial 2","DO3","20_30",-0.0163606492499996,-0.0191580657499999,"8/18/2022","Cowyard","August","T2","DO3","2A","CY_2A_3",53,58,23,1.0392,1.0534,27.2124,1.2111,2.5327,0.1719,1.4793,1.6512,20,"",11.5977,0.02,1.24,0.849303786882264,0.84013431343023
"Cowyard_August_T2_DO4","Cowyard","August","Trial 2","DO4","30_40",-0.0129698404999997,-0.0158520272500002,"8/18/2022","Cowyard","August","T2","DO4","3A","CY_3A_4",46,51,21,1.0549,1.0474,23.2105,1.1519,2.2582,0.097,1.2108,1.3078,15,"",10.0733,0.015,1.25,0.898176494284304,0.878772041510938
"Cowyard_August_T2_DO4","Cowyard","August","Trial 2","DO4","50_60",-0.00651035139999978,-0.0104097806499997,"8/18/2022","Cowyard","August","T2","DO4","3A","CY_3A_4",46,51,21,1.0549,1.0474,23.2105,1.1519,2.2582,0.097,1.2108,1.3078,15,"",10.0733,0.015,1.25,0.589818585536762,0.878772041510938
"Cowyard_August_T2_DO4","Cowyard","August","Trial 2","DO4","40_50",-0.0183951332500001,-0.0195819160000004,"8/18/2022","Cowyard","August","T2","DO4","3A","CY_3A_4",46,51,21,1.0549,1.0474,23.2105,1.1519,2.2582,0.097,1.2108,1.3078,15,"",10.0733,0.015,1.25,1.10951213916503,0.878772041510938
"Cowyard_August_T2_DO4","Cowyard","August","Trial 2","DO4","20_30",-0.00983334300000003,-0.0126307595000003,"8/18/2022","Cowyard","August","T2","DO4","3A","CY_3A_4",46,51,21,1.0549,1.0474,23.2105,1.1519,2.2582,0.097,1.2108,1.3078,15,"",10.0733,0.015,1.25,0.715659335487095,0.878772041510938
"Cowyard_August_T2_DO4","Cowyard","August","Trial 2","DO4","10_20",-0.0163606484999995,-0.0190732949999998,"8/18/2022","Cowyard","August","T2","DO4","3A","CY_3A_4",46,51,21,1.0549,1.0474,23.2105,1.1519,2.2582,0.097,1.2108,1.3078,15,"",10.0733,0.015,1.25,1.0806936530815,0.878772041510938
"Cowyard_August_T3_DO1","Cowyard","August","Trial 3","DO1","30_40",-0.0222945624999998,-0.0152586357500002,"8/18/2022","Cowyard","August","T3","DO1","3A","CY_3A_1",53,59,22,1.0469,1.0558,29.58,1.1561,2.5819,0.1092,1.5261,1.6353,15,"",11.0779,0.015,1.26,0.697009778343431,0.942047446962022
"Cowyard_August_T3_DO1","Cowyard","August","Trial 3","DO1","10_20",-0.0161063377499999,-0.01737789075,"8/18/2022","Cowyard","August","T3","DO1","3A","CY_3A_1",53,59,22,1.0469,1.0558,29.58,1.1561,2.5819,0.1092,1.5261,1.6353,15,"",11.0779,0.015,1.26,0.793816693588335,0.942047446962022
"Cowyard_August_T3_DO1","Cowyard","August","Trial 3","DO1","20_30",-0.0180560525,-0.0242442770000003,"8/18/2022","Cowyard","August","T3","DO1","3A","CY_3A_1",53,59,22,1.0469,1.0558,29.58,1.1561,2.5819,0.1092,1.5261,1.6353,15,"",11.0779,0.015,1.26,1.10747110126583,0.942047446962022
"Cowyard_August_T3_DO1","Cowyard","August","Trial 3","DO1","50_60",-0.0194123757499995,-0.0175813395499997,"8/18/2022","Cowyard","August","T3","DO1","3A","CY_3A_1",53,59,22,1.0469,1.0558,29.58,1.1561,2.5819,0.1092,1.5261,1.6353,15,"",11.0779,0.015,1.26,0.803110172069333,0.942047446962022
"Cowyard_August_T3_DO1","Cowyard","August","Trial 3","DO1","40_50",-0.0247528982499995,-0.0286523274999994,"8/18/2022","Cowyard","August","T3","DO1","3A","CY_3A_1",53,59,22,1.0469,1.0558,29.58,1.1561,2.5819,0.1092,1.5261,1.6353,15,"",11.0779,0.015,1.26,1.30882948954318,0.942047446962022
"Cowyard_August_T3_DO3","Cowyard","August","Trial 3","DO3","20_30",-0.0154281769999997,-0.0216164015,"8/18/2022","Cowyard","August","T3","DO3","1A","CY_1A_3",52,58,25,1.056,1.0497,32.2366,1.2066,2.5397,0.1506,1.49,1.6406,25,"",13.5877,0.025,1.24,0.960523996921858,0.960523996921858
"Cowyard_August_T3_DO4","Cowyard","August","Trial 3","DO4","40_50",-0.00915518149999966,-0.0130546107499996,"8/18/2022","Cowyard","August","T3","DO4","2A","CY_2A_4",49,55,22,1.0587,1.0517,26.8556,1.2142,2.463,0.1555,1.4113,1.5668,20,"",11.6781,0.02,1.25,0.614903161443687,0.472224332722739
"Cowyard_August_T3_DO4","Cowyard","August","Trial 3","DO4","50_60",-0.00495057979999988,-0.00311954360000008,"8/18/2022","Cowyard","August","T3","DO4","2A","CY_2A_4",49,55,22,1.0587,1.0517,26.8556,1.2142,2.463,0.1555,1.4113,1.5668,20,"",11.6781,0.02,1.25,0.146937910186371,0.472224332722739
"Cowyard_August_T3_DO4","Cowyard","August","Trial 3","DO4","30_40",-0.0209382392499994,-0.0139023124999998,"8/18/2022","Cowyard","August","T3","DO4","2A","CY_2A_4",49,55,22,1.0587,1.0517,26.8556,1.2142,2.463,0.1555,1.4113,1.5668,20,"",11.6781,0.02,1.25,0.654831926538158,0.472224332722739
"Cowyard_earlyJuly_T1_DO1","Cowyard","earlyJuly","Trial 1","DO1","30_40",-0.0332299181900002,-0.0362816453725005,"6/24/2022","Cowyard","earlyJuly","T1","DO1","1A","CY_1A_1",47,52,21,2.1781,2.2063,20.5459,2.3659,2.9626,0.1878,0.7563,0.9441,20,"",NA,0.02,1.26,2.85918273034005,2.41174883879874
"Cowyard_earlyJuly_T1_DO1","Cowyard","earlyJuly","Trial 1","DO1","40_50",-0.0333146883899998,-0.0356882539750002,"6/24/2022","Cowyard","earlyJuly","T1","DO1","1A","CY_1A_1",47,52,21,2.1781,2.2063,20.5459,2.3659,2.9626,0.1878,0.7563,0.9441,20,"",NA,0.02,1.26,2.81242039586909,2.41174883879874
"Cowyard_earlyJuly_T1_DO1","Cowyard","earlyJuly","Trial 1","DO1","20_30",-0.0292457188150002,-0.0317888248000004,"6/24/2022","Cowyard","earlyJuly","T1","DO1","1A","CY_1A_1",47,52,21,2.1781,2.2063,20.5459,2.3659,2.9626,0.1878,0.7563,0.9441,20,"",NA,0.02,1.26,2.50512505573565,2.41174883879874
"Cowyard_earlyJuly_T1_DO1","Cowyard","earlyJuly","Trial 1","DO1","50_60",-0.0155223654111104,-0.0148442038155554,"6/24/2022","Cowyard","earlyJuly","T1","DO1","1A","CY_1A_1",47,52,21,2.1781,2.2063,20.5459,2.3659,2.9626,0.1878,0.7563,0.9441,20,"",NA,0.02,1.26,1.1698006184486,2.41174883879874
"Cowyard_earlyJuly_T1_DO1","Cowyard","earlyJuly","Trial 1","DO1","10_20",-0.0305172718075004,-0.0344167009825008,"6/24/2022","Cowyard","earlyJuly","T1","DO1","1A","CY_1A_1",47,52,21,2.1781,2.2063,20.5459,2.3659,2.9626,0.1878,0.7563,0.9441,20,"",NA,0.02,1.26,2.71221539360031,2.41174883879874
"Cowyard_earlyJuly_T1_DO2","Cowyard","earlyJuly","Trial 1","DO2","10_20",-0.0669684575775,-0.0708678867525004,"6/24/2022","Cowyard","earlyJuly","T1","DO2","2A","CY_2A_2",49,51,20,2.1461,2.194,23.2967,2.4595,3.1894,0.3134,0.9954,1.3088,20,"",NA,0.02,1.28,4.09353013331986,3.29636900210849
"Cowyard_earlyJuly_T1_DO2","Cowyard","earlyJuly","Trial 1","DO2","40_50",-0.0505230388799991,-0.0528966044649994,"6/24/2022","Cowyard","earlyJuly","T1","DO2","2A","CY_2A_2",49,51,20,2.1461,2.194,23.2967,2.4595,3.1894,0.3134,0.9954,1.3088,20,"",NA,0.02,1.28,3.05545789849783,3.29636900210849
"Cowyard_earlyJuly_T1_DO2","Cowyard","earlyJuly","Trial 1","DO2","50_60",-0.0578132760349992,-0.0571351144394442,"6/24/2022","Cowyard","earlyJuly","T1","DO2","2A","CY_2A_2",49,51,20,2.1461,2.194,23.2967,2.4595,3.1894,0.3134,0.9954,1.3088,20,"",NA,0.02,1.28,3.30028625582364,3.29636900210849
"Cowyard_earlyJuly_T1_DO2","Cowyard","earlyJuly","Trial 1","DO2","20_30",-0.0510316600775,-0.0535747660625002,"6/24/2022","Cowyard","earlyJuly","T1","DO2","2A","CY_2A_2",49,51,20,2.1461,2.194,23.2967,2.4595,3.1894,0.3134,0.9954,1.3088,20,"",NA,0.02,1.28,3.09463043576178,3.29636900210849
"Cowyard_earlyJuly_T1_DO2","Cowyard","earlyJuly","Trial 1","DO2","30_40",-0.0478103924974993,-0.0508621196799996,"6/24/2022","Cowyard","earlyJuly","T1","DO2","2A","CY_2A_2",49,51,20,2.1461,2.194,23.2967,2.4595,3.1894,0.3134,0.9954,1.3088,20,"",NA,0.02,1.28,2.93794028713934,3.29636900210849
"Cowyard_earlyJuly_T2_DO1","Cowyard","earlyJuly","Trial 2","DO1","10_20",-0.0313649738024994,-0.0352644029774998,"6/24/2022","Cowyard","earlyJuly","T2","DO1","2A","CY_2A_1",47,52,19,2.1926,2.2146,21.2069,2.4218,3.0492,0.2292,0.8346,1.0638,20,"",NA,0.02,1.26,2.46632034360405,2.59609200696233
"Cowyard_earlyJuly_T2_DO1","Cowyard","earlyJuly","Trial 2","DO1","50_60",-0.0288595434599994,-0.0281813818644444,"6/24/2022","Cowyard","earlyJuly","T2","DO1","2A","CY_2A_1",47,52,19,2.1926,2.2146,21.2069,2.4218,3.0492,0.2292,0.8346,1.0638,20,"",NA,0.02,1.26,1.97094830862442,2.59609200696233
"Cowyard_earlyJuly_T2_DO1","Cowyard","earlyJuly","Trial 2","DO1","40_50",-0.0409440063399994,-0.0433175719249998,"6/24/2022","Cowyard","earlyJuly","T2","DO1","2A","CY_2A_1",47,52,19,2.1926,2.2146,21.2069,2.4218,3.0492,0.2292,0.8346,1.0638,20,"",NA,0.02,1.26,3.02954253733783,2.59609200696233
"Cowyard_earlyJuly_T2_DO1","Cowyard","earlyJuly","Trial 2","DO1","30_40",-0.0384009003575001,-0.0414526275400004,"6/24/2022","Cowyard","earlyJuly","T2","DO1","2A","CY_2A_1",47,52,19,2.1926,2.2146,21.2069,2.4218,3.0492,0.2292,0.8346,1.0638,20,"",NA,0.02,1.26,2.89911213477724,2.59609200696233
"Cowyard_earlyJuly_T2_DO1","Cowyard","earlyJuly","Trial 2","DO1","20_30",-0.0348405519799992,-0.0373836579649995,"6/24/2022","Cowyard","earlyJuly","T2","DO1","2A","CY_2A_1",47,52,19,2.1926,2.2146,21.2069,2.4218,3.0492,0.2292,0.8346,1.0638,20,"",NA,0.02,1.26,2.6145367104681,2.59609200696233
"Cowyard_earlyJuly_T2_DO2","Cowyard","earlyJuly","Trial 2","DO2","50_60",-0.0609497734149989,-0.0602716118194439,"6/24/2022","Cowyard","earlyJuly","T2","DO2","3A","CY_3A_2",46,53,21,2.1853,2.1642,22.6244,2.4449,3.0625,0.2596,0.8983,1.1579,20,"",NA,0.02,1.28,3.93517044092751,3.69385759814351
"Cowyard_earlyJuly_T2_DO2","Cowyard","earlyJuly","Trial 2","DO2","40_50",-0.0567960336399998,-0.0591695992250001,"6/24/2022","Cowyard","earlyJuly","T2","DO2","3A","CY_3A_2",46,53,21,2.1853,2.1642,22.6244,2.4449,3.0625,0.2596,0.8983,1.1579,20,"",NA,0.02,1.28,3.86321936385699,3.69385759814351
"Cowyard_earlyJuly_T2_DO2","Cowyard","earlyJuly","Trial 2","DO2","30_40",-0.0502687282824999,-0.0533204554650002,"6/24/2022","Cowyard","earlyJuly","T2","DO2","3A","CY_3A_2",46,53,21,2.1853,2.1642,22.6244,2.4449,3.0625,0.2596,0.8983,1.1579,20,"",NA,0.02,1.28,3.48132518624581,3.69385759814351
"Cowyard_earlyJuly_T2_DO2","Cowyard","earlyJuly","Trial 2","DO2","20_30",-0.053405225662499,-0.0559483316474993,"6/24/2022","Cowyard","earlyJuly","T2","DO2","3A","CY_3A_2",46,53,21,2.1853,2.1642,22.6244,2.4449,3.0625,0.2596,0.8983,1.1579,20,"",NA,0.02,1.28,3.65290083129022,3.69385759814351
"Cowyard_earlyJuly_T2_DO2","Cowyard","earlyJuly","Trial 2","DO2","10_20",-0.0502687282824987,-0.0541681574574991,"6/24/2022","Cowyard","earlyJuly","T2","DO2","3A","CY_3A_2",46,53,21,2.1853,2.1642,22.6244,2.4449,3.0625,0.2596,0.8983,1.1579,20,"",NA,0.02,1.28,3.53667216839704,3.69385759814351
"Cowyard_earlyJuly_T2_DO4","Cowyard","earlyJuly","Trial 2","DO4","50_60",-0.023584953273333,-0.022906791677778,"6/24/2022","Cowyard","earlyJuly","T2","DO4","1A","CY_1A_4",46,50,21,2.1941,2.1677,21.8376,2.3924,3.1542,0.1983,0.9865,1.1848,15,"",NA,0.015,1.25,1.43264117431073,2.47825716296132
"Cowyard_earlyJuly_T2_DO4","Cowyard","earlyJuly","Trial 2","DO4","30_40",-0.0306020420049997,-0.0336537691875,"6/24/2022","Cowyard","earlyJuly","T2","DO4","1A","CY_1A_4",46,50,21,2.1941,2.1677,21.8376,2.3924,3.1542,0.1983,0.9865,1.1848,15,"",NA,0.015,1.25,2.10478080418109,2.47825716296132
"Cowyard_earlyJuly_T2_DO4","Cowyard","earlyJuly","Trial 2","DO4","10_20",-0.0296695698125001,-0.0335689989875005,"6/24/2022","Cowyard","earlyJuly","T2","DO4","1A","CY_1A_4",46,50,21,2.1941,2.1677,21.8376,2.3924,3.1542,0.1983,0.9865,1.1848,15,"",NA,0.015,1.25,2.09947908927565,2.47825716296132
"Cowyard_earlyJuly_T2_DO4","Cowyard","earlyJuly","Trial 2","DO4","40_50",-0.0428089507299999,-0.0451825163150002,"6/24/2022","Cowyard","earlyJuly","T2","DO4","1A","CY_1A_4",46,50,21,2.1941,2.1677,21.8376,2.3924,3.1542,0.1983,0.9865,1.1848,15,"",NA,0.015,1.25,2.82581402679061,2.47825716296132
"Cowyard_earlyJuly_T2_DO4","Cowyard","earlyJuly","Trial 2","DO4","20_30",-0.0602716118199993,-0.0628147178049995,"6/24/2022","Cowyard","earlyJuly","T2","DO4","1A","CY_1A_4",46,50,21,2.1941,2.1677,21.8376,2.3924,3.1542,0.1983,0.9865,1.1848,15,"",NA,0.015,1.25,3.92857072024854,2.47825716296132
"Mattituck_August_T1_DO2","Mattituck","August","Trial 1","DO2","40_50",-0.0717155887474999,-0.0745130053275001,"8/24/2022","Mattituck","August","T1","DO2","1A","MT_1A_2",51,57,22,1.0471,1.0442,26.201,1.2175,2.5342,0.1704,1.49,1.6604,20,"damage from boring polychete?",11.5772,0.02,1.28,3.39266634712058,3.25738425900885
"Mattituck_August_T1_DO2","Mattituck","August","Trial 1","DO2","10_20",-0.0517945918725,-0.0518793620700003,"8/24/2022","Mattituck","August","T1","DO2","1A","MT_1A_2",51,57,22,1.0471,1.0442,26.201,1.2175,2.5342,0.1704,1.49,1.6604,20,"damage from boring polychete?",11.5772,0.02,1.28,2.36212947030356,3.25738425900885
"Mattituck_August_T1_DO2","Mattituck","August","Trial 1","DO2","50_60",-0.101113893921999,-0.101452974719499,"8/24/2022","Mattituck","August","T1","DO2","1A","MT_1A_2",51,57,22,1.0471,1.0442,26.201,1.2175,2.5342,0.1704,1.49,1.6604,20,"damage from boring polychete?",11.5772,0.02,1.28,4.61927540881363,3.25738425900885
"Mattituck_August_T1_DO2","Mattituck","August","Trial 1","DO2","20_30",-0.0573046548374996,-0.0583218972299999,"8/24/2022","Mattituck","August","T1","DO2","1A","MT_1A_2",51,57,22,1.0471,1.0442,26.201,1.2175,2.5342,0.1704,1.49,1.6604,20,"damage from boring polychete?",11.5772,0.02,1.28,2.65546580979763,3.25738425900885
"Mattituck_August_T1_DO3","Mattituck","August","Trial 1","DO3","50_60",-0.0334333679200001,-0.0337724487175,"8/24/2022","Mattituck","August","T1","DO3","2A","MT_2A_3",53,57,22,1.0507,1.0537,26.6134,1.2651,2.5954,0.2144,1.5417,1.7561,20,"",11.3202,0.02,1.24,1.40774628217129,1.73876453186151
"Mattituck_August_T1_DO3","Mattituck","August","Trial 1","DO3","10_20",-0.0426394119249999,-0.0427241821225002,"8/24/2022","Mattituck","August","T1","DO3","2A","MT_2A_3",53,57,22,1.0507,1.0537,26.6134,1.2651,2.5954,0.2144,1.5417,1.7561,20,"",11.3202,0.02,1.24,1.78088385135642,1.73876453186151
"Mattituck_August_T1_DO3","Mattituck","August","Trial 1","DO3","40_50",-0.0430632629399995,-0.0458606795199998,"8/24/2022","Mattituck","August","T1","DO3","2A","MT_2A_3",53,57,22,1.0507,1.0537,26.6134,1.2651,2.5954,0.2144,1.5417,1.7561,20,"",11.3202,0.02,1.24,1.91162333629291,1.73876453186151
"Mattituck_August_T1_DO3","Mattituck","August","Trial 1","DO3","20_30",-0.0402658462524998,-0.041283088645,"8/24/2022","Mattituck","August","T1","DO3","2A","MT_2A_3",53,57,22,1.0507,1.0537,26.6134,1.2651,2.5954,0.2144,1.5417,1.7561,20,"",11.3202,0.02,1.24,1.72081435499915,1.73876453186151
"Mattituck_August_T1_DO3","Mattituck","August","Trial 1","DO3","30_40",-0.0388247528075,-0.0449282071700004,"8/24/2022","Mattituck","August","T1","DO3","2A","MT_2A_3",53,57,22,1.0507,1.0537,26.6134,1.2651,2.5954,0.2144,1.5417,1.7561,20,"",11.3202,0.02,1.24,1.8727548344878,1.73876453186151
"Mattituck_August_T2_DO1","Mattituck","August","Trial 2","DO1","50_60",-0.0419612487349998,-0.0427072265190004,"8/24/2022","Mattituck","August","T2","DO1","2A","MT_2A_1",50,57,21,1.056,1.064,24.2253,1.2327,2.6116,0.1767,1.5476,1.7243,20,"",9.7455,0.02,1.26,1.84272902221982,1.72407453629828
"Mattituck_August_T2_DO1","Mattituck","August","Trial 2","DO1","30_40",-0.0423850997324999,-0.0450129760149999,"8/24/2022","Mattituck","August","T2","DO1","2A","MT_2A_1",50,57,21,1.056,1.064,24.2253,1.2327,2.6116,0.1767,1.5476,1.7243,20,"",9.7455,0.02,1.26,1.94221737256626,1.72407453629828
"Mattituck_August_T2_DO1","Mattituck","August","Trial 2","DO1","40_50",-0.0403506149449996,-0.0389942917024993,"8/24/2022","Mattituck","August","T2","DO1","2A","MT_2A_1",50,57,21,1.056,1.064,24.2253,1.2327,2.6116,0.1767,1.5476,1.7243,20,"",9.7455,0.02,1.26,1.68252351833553,1.72407453629828
"Mattituck_August_T2_DO1","Mattituck","August","Trial 2","DO1","20_30",-0.0407744659424999,-0.0405201553350003,"8/24/2022","Mattituck","August","T2","DO1","2A","MT_2A_1",50,57,21,1.056,1.064,24.2253,1.2327,2.6116,0.1767,1.5476,1.7243,20,"",9.7455,0.02,1.26,1.74836139704461,1.72407453629828
"Mattituck_August_T2_DO1","Mattituck","August","Trial 2","DO1","10_20",-0.033992849985,-0.0325517565400005,"8/24/2022","Mattituck","August","T2","DO1","2A","MT_2A_1",50,57,21,1.056,1.064,24.2253,1.2327,2.6116,0.1767,1.5476,1.7243,20,"",9.7455,0.02,1.26,1.4045413713252,1.72407453629828
"Mattituck_August_T3_DO1","Mattituck","August","Trial 3","DO1","10_20",-0.0349253221775,-0.0377227388650001,"8/24/2022","Mattituck","August","T3","DO1","1A","MT_1A_1",48,53,22,1.0607,1.0442,25.1327,1.2168,2.4138,0.1561,1.3696,1.5257,20,"damage from boring polychete?",10.7204,0.02,1.26,1.83953055748575,2.01992857392667
"Mattituck_August_T3_DO1","Mattituck","August","Trial 3","DO1","50_60",-0.0345014711824993,-0.0442669985264994,"8/24/2022","Mattituck","August","T3","DO1","1A","MT_1A_1",48,53,22,1.0607,1.0442,25.1327,1.2168,2.4138,0.1561,1.3696,1.5257,20,"damage from boring polychete?",10.7204,0.02,1.26,2.1586581178289,2.01992857392667
"Mattituck_August_T3_DO1","Mattituck","August","Trial 3","DO1","40_50",-0.0367902665674998,-0.0434023423724997,"8/24/2022","Mattituck","August","T3","DO1","1A","MT_1A_1",48,53,22,1.0607,1.0442,25.1327,1.2168,2.4138,0.1561,1.3696,1.5257,20,"damage from boring polychete?",10.7204,0.02,1.26,2.11649359147537,2.01992857392667
"Mattituck_August_T3_DO1","Mattituck","August","Trial 3","DO1","20_30",-0.0277198552249999,-0.0377227391350001,"8/24/2022","Mattituck","August","T3","DO1","1A","MT_1A_1",48,53,22,1.0607,1.0442,25.1327,1.2168,2.4138,0.1561,1.3696,1.5257,20,"damage from boring polychete?",10.7204,0.02,1.26,1.83953057065216,2.01992857392667
"Mattituck_August_T3_DO1","Mattituck","August","Trial 3","DO1","30_40",-0.0346710115825003,-0.0439957338725007,"8/24/2022","Mattituck","August","T3","DO1","1A","MT_1A_1",48,53,22,1.0607,1.0442,25.1327,1.2168,2.4138,0.1561,1.3696,1.5257,20,"damage from boring polychete?",10.7204,0.02,1.26,2.14543003219116,2.01992857392667
"Mattituck_August_T3_DO2","Mattituck","August","Trial 3","DO2","30_40",-0.0701897251574992,-0.0795144474474997,"8/24/2022","Mattituck","August","T3","DO2","2A","MT_2A_2",50,56,22,1.0643,1.048,24.0302,1.3005,2.4207,0.2362,1.3727,1.6089,20,"STILL NEED TO GO THROUGH ALL OF THESE AND edit excel file so they are propoerly aligned for all of these. ",10.3836,0.02,1.28,3.73627461435203,3.21829470879088
"Mattituck_August_T3_DO2","Mattituck","August","Trial 3","DO2","10_20",-0.0491667156899994,-0.0519641323774995,"8/24/2022","Mattituck","August","T3","DO2","2A","MT_2A_2",50,56,22,1.0643,1.048,24.0302,1.3005,2.4207,0.2362,1.3727,1.6089,20,"STILL NEED TO GO THROUGH ALL OF THESE AND edit excel file so they are propoerly aligned for all of these. ",10.3836,0.02,1.28,2.44172316970537,3.21829470879088
"Mattituck_August_T3_DO2","Mattituck","August","Trial 3","DO2","20_30",-0.0704440357549995,-0.0804469196649996,"8/24/2022","Mattituck","August","T3","DO2","2A","MT_2A_2",50,56,22,1.0643,1.048,24.0302,1.3005,2.4207,0.2362,1.3727,1.6089,20,"STILL NEED TO GO THROUGH ALL OF THESE AND edit excel file so they are propoerly aligned for all of these. ",10.3836,0.02,1.28,3.78009020242027,3.21829470879088
"Mattituck_August_T3_DO2","Mattituck","August","Trial 3","DO2","50_60",-0.0476069440199997,-0.0573724713639998,"8/24/2022","Mattituck","August","T3","DO2","2A","MT_2A_2",50,56,22,1.0643,1.048,24.0302,1.3005,2.4207,0.2362,1.3727,1.6089,20,"STILL NEED TO GO THROUGH ALL OF THESE AND edit excel file so they are propoerly aligned for all of these. ",10.3836,0.02,1.28,2.69585358637478,3.21829470879088
"Mattituck_August_T3_DO2","Mattituck","August","Trial 3","DO2","40_50",-0.0665446065799994,-0.0731566823849993,"8/24/2022","Mattituck","August","T3","DO2","2A","MT_2A_2",50,56,22,1.0643,1.048,24.0302,1.3005,2.4207,0.2362,1.3727,1.6089,20,"STILL NEED TO GO THROUGH ALL OF THESE AND edit excel file so they are propoerly aligned for all of these. ",10.3836,0.02,1.28,3.43753197110196,3.21829470879088
"Mattituck_August_T3_DO3","Mattituck","August","Trial 3","DO3","10_20",-0.0359425659175001,-0.0387399826050002,"8/24/2022","Mattituck","August","T3","DO3","3A","MT_3A_3",50,57,22,1.061,1.0508,26.3441,1.2167,2.5934,0.1557,1.5426,1.6983,20,"",11.9126,0.02,1.24,1.66976784236355,1.66582178269867
"Mattituck_August_T3_DO3","Mattituck","August","Trial 3","DO3","50_60",-0.0269908325199995,-0.0367563598639996,"8/24/2022","Mattituck","August","T3","DO3","3A","MT_3A_3",50,57,22,1.061,1.0508,26.3441,1.2167,2.5934,0.1557,1.5426,1.6983,20,"",11.9126,0.02,1.24,1.58426988285036,1.66582178269867
"Mattituck_August_T3_DO3","Mattituck","August","Trial 3","DO3","30_40",-0.0352644042974997,-0.0445891265875001,"8/24/2022","Mattituck","August","T3","DO3","3A","MT_3A_3",50,57,22,1.061,1.0508,26.3441,1.2167,2.5934,0.1557,1.5426,1.6983,20,"",11.9126,0.02,1.24,1.92187721027204,1.66582178269867
"Mattituck_August_T3_DO3","Mattituck","August","Trial 3","DO3","40_50",-0.0370445785524998,-0.0436566543574997,"8/24/2022","Mattituck","August","T3","DO3","3A","MT_3A_3",50,57,22,1.061,1.0508,26.3441,1.2167,2.5934,0.1557,1.5426,1.6983,20,"",11.9126,0.02,1.24,1.88168586172583,1.66582178269867
"Mattituck_August_T3_DO3","Mattituck","August","Trial 3","DO3","20_30",-0.0194971466074996,-0.0295000305174998,"8/24/2022","Mattituck","August","T3","DO3","3A","MT_3A_3",50,57,22,1.061,1.0508,26.3441,1.2167,2.5934,0.1557,1.5426,1.6983,20,"",11.9126,0.02,1.24,1.27150811628157,1.66582178269867
"Mattituck_earlyJuly_T1_DO2","Mattituck","earlyJuly","Trial 1","DO2","30_40",-0.0372141175649997,-0.0394181427499995,"6/28/2022","Mattituck","earlyJuly","T1","DO2","1A","MT_1A_2",48,53,21,2.331,2.291,21.639,2.4416,3.2558,0.1106,0.9648,1.0754,15,"",NA,0.015,1.28,2.78206902987257,2.49874338576613
"Mattituck_earlyJuly_T1_DO2","Mattituck","earlyJuly","Trial 1","DO2","50_60",-0.0423003295325003,-0.0468967581236117,"6/28/2022","Mattituck","earlyJuly","T1","DO2","1A","MT_1A_2",48,53,21,2.331,2.291,21.639,2.4416,3.2558,0.1106,0.9648,1.0754,15,"",NA,0.015,1.28,3.30989765815708,2.49874338576613
"Mattituck_earlyJuly_T1_DO2","Mattituck","earlyJuly","Trial 1","DO2","40_50",-0.0360273347724997,-0.0345014711799995,"6/28/2022","Mattituck","earlyJuly","T1","DO2","1A","MT_1A_2",48,53,21,2.331,2.291,21.639,2.4416,3.2558,0.1106,0.9648,1.0754,15,"",NA,0.015,1.28,2.4350582690738,2.49874338576613
"Mattituck_earlyJuly_T1_DO2","Mattituck","earlyJuly","Trial 1","DO2","10_20",-0.0163606484949997,-0.0228879538549999,"6/28/2022","Mattituck","earlyJuly","T1","DO2","1A","MT_1A_2",48,53,21,2.331,2.291,21.639,2.4416,3.2558,0.1106,0.9648,1.0754,15,"",NA,0.015,1.28,1.61539492058257,2.49874338576613
"Mattituck_earlyJuly_T1_DO2","Mattituck","earlyJuly","Trial 1","DO2","20_30",-0.0410287765399992,-0.0333146883899993,"6/28/2022","Mattituck","earlyJuly","T1","DO2","1A","MT_1A_2",48,53,21,2.331,2.291,21.639,2.4416,3.2558,0.1106,0.9648,1.0754,15,"",NA,0.015,1.28,2.35129705114464,2.49874338576613
"Mattituck_earlyJuly_T1_DO4","Mattituck","earlyJuly","Trial 1","DO4","40_50",-0.0212773200674991,-0.0197514564749989,"6/28/2022","Mattituck","earlyJuly","T1","DO4","3A","MT_3A_4",46,49,20,2.3179,2.377,18.5507,2.5585,3.2652,0.2406,0.8882,1.1288,10,"",NA,0.01,1.25,1.30183235448256,1.0433696917442
"Mattituck_earlyJuly_T1_DO4","Mattituck","earlyJuly","Trial 1","DO4","50_60",-0.0115287471266666,-0.016125175717778,"6/28/2022","Mattituck","earlyJuly","T1","DO4","3A","MT_3A_4",46,49,20,2.3179,2.377,18.5507,2.5585,3.2652,0.2406,0.8882,1.1288,10,"",NA,0.01,1.25,1.06282164546659,1.0433696917442
"Mattituck_earlyJuly_T1_DO4","Mattituck","earlyJuly","Trial 1","DO4","30_40",-0.0094094921399998,-0.0116135173249996,"6/28/2022","Mattituck","earlyJuly","T1","DO4","3A","MT_3A_4",46,49,20,2.3179,2.377,18.5507,2.5585,3.2652,0.2406,0.8882,1.1288,10,"",NA,0.01,1.25,0.765455075283461,1.0433696917442
"Mattituck_earlyJuly_T2_DO1","Mattituck","earlyJuly","Trial 2","DO1","30_40",-0.0254310598374992,-0.027635085022499,"6/28/2022","Mattituck","earlyJuly","T2","DO1","1A","MT_1A_1",51,57,20,2.1909,2.2619,25.2539,2.5642,3.2906,0.3733,1.0287,1.402,20,"",NA,0.02,1.26,1.46651235782734,1.43812179834062
"Mattituck_earlyJuly_T2_DO1","Mattituck","earlyJuly","Trial 2","DO1","10_20",-0.0260244512349996,-0.0325517565949999,"6/28/2022","Mattituck","earlyJuly","T2","DO1","1A","MT_1A_1",51,57,20,2.1909,2.2619,25.2539,2.5642,3.2906,0.3733,1.0287,1.402,20,"",NA,0.02,1.26,1.72742559962054,1.43812179834062
"Mattituck_earlyJuly_T2_DO1","Mattituck","earlyJuly","Trial 2","DO1","50_60",-0.0296884076355551,-0.0342848362266664,"6/28/2022","Mattituck","earlyJuly","T2","DO1","1A","MT_1A_1",51,57,20,2.1909,2.2619,25.2539,2.5642,3.2906,0.3733,1.0287,1.402,20,"",NA,0.02,1.26,1.81939501801996,1.43812179834062
"Mattituck_earlyJuly_T2_DO1","Mattituck","earlyJuly","Trial 2","DO1","20_30",-0.0233118048549986,-0.0155977167049988,"6/28/2022","Mattituck","earlyJuly","T2","DO1","1A","MT_1A_1",51,57,20,2.1909,2.2619,25.2539,2.5642,3.2906,0.3733,1.0287,1.402,20,"",NA,0.02,1.26,0.827724766656141,1.43812179834062
"Mattituck_earlyJuly_T2_DO1","Mattituck","earlyJuly","Trial 2","DO1","40_50",-0.0269569234299995,-0.0254310598374992,"6/28/2022","Mattituck","earlyJuly","T2","DO1","1A","MT_1A_1",51,57,20,2.1909,2.2619,25.2539,2.5642,3.2906,0.3733,1.0287,1.402,20,"",NA,0.02,1.26,1.34955124957913,1.43812179834062
"Mattituck_earlyJuly_T2_DO2","Mattituck","earlyJuly","Trial 2","DO2","50_60",-0.0428937209274992,-0.0474901495186105,"6/28/2022","Mattituck","earlyJuly","T2","DO2","3A","MT_3A_2",46,52,23,2.2452,2.2633,23.249,2.5338,3.2294,0.2886,0.9661,1.2547,20,"",NA,0.02,1.28,2.8614452089001,1.91183925983241
"Mattituck_earlyJuly_T2_DO2","Mattituck","earlyJuly","Trial 2","DO2","20_30",-0.0262787618349998,-0.0185646736849999,"6/28/2022","Mattituck","earlyJuly","T2","DO2","3A","MT_3A_2",46,52,23,2.2452,2.2633,23.249,2.5338,3.2294,0.2886,0.9661,1.2547,20,"",NA,0.02,1.28,1.11858558267793,1.91183925983241
"Mattituck_earlyJuly_T2_DO2","Mattituck","earlyJuly","Trial 2","DO2","30_40",-0.0378922791600001,-0.0400963043449999,"6/28/2022","Mattituck","earlyJuly","T2","DO2","3A","MT_3A_2",46,52,23,2.2452,2.2633,23.249,2.5338,3.2294,0.2886,0.9661,1.2547,20,"",NA,0.02,1.28,2.4159405503164,1.91183925983241
"Mattituck_earlyJuly_T2_DO2","Mattituck","earlyJuly","Trial 2","DO2","10_20",-0.0142413935099995,-0.0207686988699997,"6/28/2022","Mattituck","earlyJuly","T2","DO2","3A","MT_3A_2",46,52,23,2.2452,2.2633,23.249,2.5338,3.2294,0.2886,0.9661,1.2547,20,"",NA,0.02,1.28,1.25138569743523,1.91183925983241
"Mattituck_earlyJuly_T2_DO4","Mattituck","earlyJuly","Trial 2","DO4","40_50",-0.0154281763024999,-0.0139023127099997,"6/28/2022","Mattituck","earlyJuly","T2","DO4","2A","MT_2A_4",46,50,18,2.2945,2.2565,16.5596,2.496,3.0221,0.2015,0.7656,0.9671,10,"",NA,0.01,1.25,1.06951924891322,1.37276708486917
"Mattituck_earlyJuly_T2_DO4","Mattituck","earlyJuly","Trial 2","DO4","30_40",-0.0195819160774998,-0.0217859412624996,"6/28/2022","Mattituck","earlyJuly","T2","DO4","2A","MT_2A_4",46,50,18,2.2945,2.2565,16.5596,2.496,3.0221,0.2015,0.7656,0.9671,10,"",NA,0.01,1.25,1.67601492082512,1.37276708486917
"NWHarbor_August_T1_DO1","NWHarbor","August","Trial 1","DO1","30_40",-0.0528118342499996,-0.0492514859999997,"8/25/2022","NWHarbor","August","T1","DO1","3A","NW_3A_1",59,66,26,1.0455,1.0584,35.3703,1.2601,2.413,0.2146,1.3546,1.5692,30,"damage from graduated cylinder",17.8597,0.03,1.26,2.31631383303593,2.25252549297093
"NWHarbor_August_T1_DO1","NWHarbor","August","Trial 1","DO1","40_50",-0.0545920084999995,-0.0528966044999996,"8/25/2022","NWHarbor","August","T1","DO1","3A","NW_3A_1",59,66,26,1.0455,1.0584,35.3703,1.2601,2.413,0.2146,1.3546,1.5692,30,"damage from graduated cylinder",17.8597,0.03,1.26,2.48774497329848,2.25252549297093
"NWHarbor_August_T1_DO1","NWHarbor","August","Trial 1","DO1","10_20",-0.0400963042500002,-0.04416527375,"8/25/2022","NWHarbor","August","T1","DO1","3A","NW_3A_1",59,66,26,1.0455,1.0584,35.3703,1.2601,2.413,0.2146,1.3546,1.5692,30,"damage from graduated cylinder",17.8597,0.03,1.26,2.07710757248916,2.25252549297093
"NWHarbor_August_T1_DO1","NWHarbor","August","Trial 1","DO1","20_30",-0.0452672864999999,-0.0506078090000002,"8/25/2022","NWHarbor","August","T1","DO1","3A","NW_3A_1",59,66,26,1.0455,1.0584,35.3703,1.2601,2.413,0.2146,1.3546,1.5692,30,"damage from graduated cylinder",17.8597,0.03,1.26,2.38010215664033,2.25252549297093
"NWHarbor_August_T1_DO1","NWHarbor","August","Trial 1","DO1","50_60",-0.0505230387499991,-0.0425546399999997,"8/25/2022","NWHarbor","August","T1","DO1","3A","NW_3A_1",59,66,26,1.0455,1.0584,35.3703,1.2601,2.413,0.2146,1.3546,1.5692,30,"damage from graduated cylinder",17.8597,0.03,1.26,2.00135892939076,2.25252549297093
"NWHarbor_August_T1_DO4","NWHarbor","August","Trial 1","DO4","30_40",-0.0230574952500001,-0.0194971470000002,"8/25/2022","NWHarbor","August","T1","DO4","2A","NW_2A_4",45,51,21,1.0531,1.0589,21.4806,1.1843,1.9903,0.1312,0.9314,1.0626,15,"",9.0437,0.015,1.25,1.35962600479956,1.91677706470567
"NWHarbor_August_T1_DO4","NWHarbor","August","Trial 1","DO4","20_30",-0.0177169724999999,-0.0230574950000002,"8/25/2022","NWHarbor","August","T1","DO4","2A","NW_2A_4",45,51,21,1.0531,1.0589,21.4806,1.1843,1.9903,0.1312,0.9314,1.0626,15,"",9.0437,0.015,1.25,1.60790549548279,1.91677706470567
"NWHarbor_August_T1_DO4","NWHarbor","August","Trial 1","DO4","40_50",-0.0369598084999998,-0.0352644044999999,"8/25/2022","NWHarbor","August","T1","DO4","2A","NW_2A_4",45,51,21,1.0531,1.0589,21.4806,1.1843,1.9903,0.1312,0.9314,1.0626,15,"",9.0437,0.015,1.25,2.45914960798983,1.91677706470567
"NWHarbor_August_T1_DO4","NWHarbor","August","Trial 1","DO4","10_20",-0.0280589372499996,-0.0321279067499994,"8/25/2022","NWHarbor","August","T1","DO4","2A","NW_2A_4",45,51,21,1.0531,1.0589,21.4806,1.1843,1.9903,0.1312,0.9314,1.0626,15,"",9.0437,0.015,1.25,2.2404271505505,1.91677706470567
"NWHarbor_August_T2_DO1","NWHarbor","August","Trial 2","DO1","20_30",-0.01669972925,-0.0211077797500004,"8/25/2022","NWHarbor","August","T2","DO1","1A","NW_1A_1",43,49,23,1.0559,1.0628,20.6342,1.1544,2.0234,0.0985,0.9606,1.0591,10,"damage from boring polychaete",9.4178,0.01,1.26,1.49474410466437,1.70364808563876
"NWHarbor_August_T2_DO1","NWHarbor","August","Trial 2","DO1","10_20",-0.0276350849999997,-0.0228031835000001,"8/25/2022","NWHarbor","August","T2","DO1","1A","NW_1A_1",43,49,23,1.0559,1.0628,20.6342,1.1544,2.0234,0.0985,0.9606,1.0591,10,"damage from boring polychaete",9.4178,0.01,1.26,1.61480385468795,1.70364808563876
"NWHarbor_August_T2_DO1","NWHarbor","August","Trial 2","DO1","40_50",-0.0303477312499997,-0.0288218675000003,"8/25/2022","NWHarbor","August","T2","DO1","1A","NW_1A_1",43,49,23,1.0559,1.0628,20.6342,1.1544,2.0234,0.0985,0.9606,1.0591,10,"damage from boring polychaete",9.4178,0.01,1.26,2.04101601595697,1.70364808563876
"NWHarbor_August_T2_DO1","NWHarbor","August","Trial 2","DO1","50_60",-0.0289914082499995,-0.0177169712499997,"8/25/2022","NWHarbor","August","T2","DO1","1A","NW_1A_1",43,49,23,1.0559,1.0628,20.6342,1.1544,2.0234,0.0985,0.9606,1.0591,10,"damage from boring polychaete",9.4178,0.01,1.26,1.25462453380226,1.70364808563876
"NWHarbor_August_T2_DO1","NWHarbor","August","Trial 2","DO1","30_40",-0.0279741659999997,-0.0298391105000002,"8/25/2022","NWHarbor","August","T2","DO1","1A","NW_1A_1",43,49,23,1.0559,1.0628,20.6342,1.1544,2.0234,0.0985,0.9606,1.0591,10,"damage from boring polychaete",9.4178,0.01,1.26,2.11305191908226,1.70364808563876
"NWHarbor_August_T2_DO2","NWHarbor","August","Trial 2","DO2","10_20",-0.0498448772500002,-0.0450129757500007,"8/25/2022","NWHarbor","August","T2","DO2","2A","NW_2A_2",53,58,23,1.0358,1.0477,26.7672,1.2045,2.2881,0.1687,1.2404,1.4091,30,"",11.8167,0.03,1.28,2.39583647807114,2.56277800723867
"NWHarbor_August_T2_DO2","NWHarbor","August","Trial 2","DO2","30_40",-0.0437414230000001,-0.0456063675000006,"8/25/2022","NWHarbor","August","T2","DO2","2A","NW_2A_2",53,58,23,1.0358,1.0477,26.7672,1.2045,2.2881,0.1687,1.2404,1.4091,30,"",11.8167,0.03,1.28,2.42742002874178,2.56277800723867
"NWHarbor_August_T2_DO2","NWHarbor","August","Trial 2","DO2","40_50",-0.0595934502499995,-0.0580675865000001,"8/25/2022","NWHarbor","August","T2","DO2","2A","NW_2A_2",53,58,23,1.0358,1.0477,26.7672,1.2045,2.2881,0.1687,1.2404,1.4091,30,"",11.8167,0.03,1.28,3.09067418032788,2.56277800723867
"NWHarbor_August_T2_DO2","NWHarbor","August","Trial 2","DO2","50_60",-0.0483190137499992,-0.0370445767499993,"8/25/2022","NWHarbor","August","T2","DO2","2A","NW_2A_2",53,58,23,1.0358,1.0477,26.7672,1.2045,2.2881,0.1687,1.2404,1.4091,30,"",11.8167,0.03,1.28,1.97171475143705,2.56277800723867
"NWHarbor_August_T2_DO2","NWHarbor","August","Trial 2","DO2","20_30",-0.0506078089999998,-0.0550158595000003,"8/25/2022","NWHarbor","August","T2","DO2","2A","NW_2A_2",53,58,23,1.0358,1.0477,26.7672,1.2045,2.2881,0.1687,1.2404,1.4091,30,"",11.8167,0.03,1.28,2.92824459761552,2.56277800723867
"NWHarbor_August_T2_DO3","NWHarbor","August","Trial 2","DO3","20_30",-0.0175474317499992,-0.0219554822499996,"8/25/2022","NWHarbor","August","T2","DO3","3A","NW_3A_3",49,55,22,1.046,1.0465,23.7474,1.2015,1.9916,0.1555,0.9451,1.1006,10,"damage from boring polychaete",10.5792,0.01,1.24,1.47221023991457,1.137978733509
"NWHarbor_August_T2_DO3","NWHarbor","August","Trial 2","DO3","30_40",-0.0227184142499997,-0.0245833587500002,"8/25/2022","NWHarbor","August","T2","DO3","3A","NW_3A_3",49,55,22,1.046,1.0465,23.7474,1.2015,1.9916,0.1555,0.9451,1.1006,10,"damage from boring polychaete",10.5792,0.01,1.24,1.6484207484554,1.137978733509
"NWHarbor_August_T2_DO3","NWHarbor","August","Trial 2","DO3","40_50",-0.00966380324999989,-0.00813793950000052,"8/25/2022","NWHarbor","August","T2","DO3","3A","NW_3A_3",49,55,22,1.046,1.0465,23.7474,1.2015,1.9916,0.1555,0.9451,1.1006,10,"damage from boring polychaete",10.5792,0.01,1.24,0.54568411330187,1.137978733509
"NWHarbor_August_T2_DO3","NWHarbor","August","Trial 2","DO3","50_60",-0.0220402524999997,-0.0107658154999998,"8/25/2022","NWHarbor","August","T2","DO3","3A","NW_3A_3",49,55,22,1.046,1.0465,23.7474,1.2015,1.9916,0.1555,0.9451,1.1006,10,"damage from boring polychaete",10.5792,0.01,1.24,0.721894588315451,1.137978733509
"NWHarbor_August_T2_DO3","NWHarbor","August","Trial 2","DO3","10_20",-0.0242442779999997,-0.0194123765000001,"8/25/2022","NWHarbor","August","T2","DO3","3A","NW_3A_3",49,55,22,1.046,1.0465,23.7474,1.2015,1.9916,0.1555,0.9451,1.1006,10,"damage from boring polychaete",10.5792,0.01,1.24,1.30168397755771,1.137978733509
"NWHarbor_August_T3_DO2","NWHarbor","August","Trial 3","DO2","10_20",-0.0405201552499999,-0.0384856705000005,"8/25/2022","NWHarbor","August","T3","DO2","1A","NW_1A_2",46,49,20,1.0487,1.0375,20.9605,1.1578,1.9119,0.1091,0.8744,0.9835,20,"damage from boring polychaete",8.7572,0.02,1.28,2.95832912028473,3.9992830366548
"NWHarbor_August_T3_DO2","NWHarbor","August","Trial 3","DO2","20_30",-0.0551853999999993,-0.0514555112499994,"8/25/2022","NWHarbor","August","T3","DO2","1A","NW_1A_2",46,49,20,1.0487,1.0375,20.9605,1.1578,1.9119,0.1091,0.8744,0.9835,20,"damage from boring polychaete",8.7572,0.02,1.28,3.95529908540921,3.9992830366548
"NWHarbor_August_T3_DO2","NWHarbor","August","Trial 3","DO2","30_40",-0.0555244804999997,-0.0545920082500001,"8/25/2022","NWHarbor","August","T3","DO2","1A","NW_1A_2",46,49,20,1.0487,1.0375,20.9605,1.1578,1.9119,0.1091,0.8744,0.9835,20,"damage from boring polychaete",8.7572,0.02,1.28,4.19639636370107,3.9992830366548
"NWHarbor_August_T3_DO2","NWHarbor","August","Trial 3","DO2","40_50",-0.0608650032499995,-0.0635776494999996,"8/25/2022","NWHarbor","August","T3","DO2","1A","NW_1A_2",46,49,20,1.0487,1.0375,20.9605,1.1578,1.9119,0.1091,0.8744,0.9835,20,"damage from boring polychaete",8.7572,0.02,1.28,4.88710757722417,3.9992830366548
"NWHarbor_August_T3_DO3","NWHarbor","August","Trial 3","DO3","20_30",-0.0328908384999996,-0.0291609497499997,"8/25/2022","NWHarbor","August","T3","DO3","2A","NW_2A_3",49,54,20,1.0587,1.0409,22.6813,1.1559,2.2315,0.0972,1.1906,1.2878,20,"",9.7372,0.02,1.24,1.65754117230935,1.78884348757572
"NWHarbor_August_T3_DO3","NWHarbor","August","Trial 3","DO3","30_40",-0.0340776214999998,-0.0331451492500002,"8/25/2022","NWHarbor","August","T3","DO3","2A","NW_2A_3",49,54,20,1.0587,1.0409,22.6813,1.1559,2.2315,0.0972,1.1906,1.2878,20,"",9.7372,0.02,1.24,1.88400755171611,1.78884348757572
"NWHarbor_August_T3_DO3","NWHarbor","August","Trial 3","DO3","40_50",-0.0319583665000002,-0.0346710127500003,"8/25/2022","NWHarbor","August","T3","DO3","2A","NW_2A_3",49,54,20,1.0587,1.0409,22.6813,1.1559,2.2315,0.0972,1.1906,1.2878,20,"",9.7372,0.02,1.24,1.97073934873429,1.78884348757572
"NWHarbor_August_T3_DO3","NWHarbor","August","Trial 3","DO3","10_20",-0.0309411240000001,-0.0289066392500007,"8/25/2022","NWHarbor","August","T3","DO3","2A","NW_2A_3",49,54,20,1.0587,1.0409,22.6813,1.1559,2.2315,0.0972,1.1906,1.2878,20,"",9.7372,0.02,1.24,1.64308587754313,1.78884348757572
"NWHarbor_August_T3_DO4","NWHarbor","August","Trial 3","DO4","20_30",-0.0424698715,-0.0387399827500001,"8/25/2022","NWHarbor","August","T3","DO4","3A","NW_3A_4",51,56,23,1.06,1.053,33.7141,1.2692,2.583,0.2092,1.53,1.7392,30,"damage from boring polychaete",14.603,0.03,1.25,1.63050065392135,1.75537487645182
"NWHarbor_August_T3_DO4","NWHarbor","August","Trial 3","DO4","30_40",-0.0452672882499999,-0.0443348160000002,"8/25/2022","NWHarbor","August","T3","DO4","3A","NW_3A_4",51,56,23,1.06,1.053,33.7141,1.2692,2.583,0.2092,1.53,1.7392,30,"damage from boring polychaete",14.603,0.03,1.25,1.86597776632936,1.75537487645182
"NWHarbor_August_T3_DO4","NWHarbor","August","Trial 3","DO4","40_50",-0.0427241819999997,-0.0454368282499999,"8/25/2022","NWHarbor","August","T3","DO4","3A","NW_3A_4",51,56,23,1.06,1.053,33.7141,1.2692,2.583,0.2092,1.53,1.7392,30,"damage from boring polychaete",14.603,0.03,1.25,1.91235960665823,1.75537487645182
"NWHarbor_August_T3_DO4","NWHarbor","August","Trial 3","DO4","10_20",-0.0403506164999998,-0.0383161317500004,"8/25/2022","NWHarbor","August","T3","DO4","3A","NW_3A_4",51,56,23,1.06,1.053,33.7141,1.2692,2.583,0.2092,1.53,1.7392,30,"damage from boring polychaete",14.603,0.03,1.25,1.61266147889836,1.75537487645182
"NWHarbor_earlyJuly_T1_DO1","NWHarbor","earlyJuly","Trial 1","DO1","40_50",-0.0194971458774996,-0.0206839286700001,"6/30/2022","NWHarbor","earlyJuly","T1","DO1","1A","NW_1A_1",50,55,20,2.394,2.3616,20.6842,2.4781,3.1841,0.0841,0.8225,0.9066,10,"",NA,0.01,1.26,1.71111256369954,2.2896649674264
"NWHarbor_earlyJuly_T1_DO1","NWHarbor","earlyJuly","Trial 1","DO1","50_60",-0.0328908373924993,-0.0275503148275004,"6/30/2022","NWHarbor","earlyJuly","T1","DO1","1A","NW_1A_1",50,55,20,2.394,2.3616,20.6842,2.4781,3.1841,0.0841,0.8225,0.9066,10,"",NA,0.01,1.26,2.27914583285079,2.2896649674264
"NWHarbor_earlyJuly_T1_DO1","NWHarbor","earlyJuly","Trial 1","DO1","20_30",-0.0254310598400001,-0.0274655446275009,"6/30/2022","NWHarbor","earlyJuly","T1","DO1","1A","NW_1A_1",50,55,20,2.394,2.3616,20.6842,2.4781,3.1841,0.0841,0.8225,0.9066,10,"",NA,0.01,1.26,2.27213307639816,2.2896649674264
"NWHarbor_earlyJuly_T1_DO1","NWHarbor","earlyJuly","Trial 1","DO1","10_20",-0.0336537691874995,-0.0350100923799999,"6/30/2022","NWHarbor","earlyJuly","T1","DO1","1A","NW_1A_1",50,55,20,2.394,2.3616,20.6842,2.4781,3.1841,0.0841,0.8225,0.9066,10,"",NA,0.01,1.26,2.8962683967571,2.2896649674264
"NWHarbor_earlyJuly_T2_DO1","NWHarbor","earlyJuly","Trial 2","DO1","50_60",-0.0295847994999994,-0.0242442769350005,"6/30/2022","NWHarbor","earlyJuly","T2","DO1","3A","NW_3A_1",40,43,18,2.2814,2.3329,14.5496,2.4091,2.9477,0.1277,0.6148,0.7425,NA,"fixed so probes align correctly with data",NA,NA,1.26,NA,NA
"NWHarbor_earlyJuly_T2_DO1","NWHarbor","earlyJuly","Trial 2","DO1","20_30",-0.0253462897499993,-0.0273807745375001,"6/30/2022","NWHarbor","earlyJuly","T2","DO1","3A","NW_3A_1",40,43,18,2.2814,2.3329,14.5496,2.4091,2.9477,0.1277,0.6148,0.7425,NA,"fixed so probes align correctly with data",NA,NA,1.26,NA,NA
"NWHarbor_earlyJuly_T2_DO1","NWHarbor","earlyJuly","Trial 2","DO1","40_50",-0.0293304889999998,-0.0305172717925003,"6/30/2022","NWHarbor","earlyJuly","T2","DO1","3A","NW_3A_1",40,43,18,2.2814,2.3329,14.5496,2.4091,2.9477,0.1277,0.6148,0.7425,NA,"fixed so probes align correctly with data",NA,NA,1.26,NA,NA
"NWHarbor_earlyJuly_T2_DO1","NWHarbor","earlyJuly","Trial 2","DO1","10_20",-0.0226336432499993,-0.0239899664424997,"6/30/2022","NWHarbor","earlyJuly","T2","DO1","3A","NW_3A_1",40,43,18,2.2814,2.3329,14.5496,2.4091,2.9477,0.1277,0.6148,0.7425,NA,"fixed so probes align correctly with data",NA,NA,1.26,NA,NA
"NWHarbor_earlyJuly_T2_DO1","NWHarbor","earlyJuly","Trial 2","DO1","30_40",-0.0250919789999994,-0.0250919790000001,"6/30/2022","NWHarbor","earlyJuly","T2","DO1","3A","NW_3A_1",40,43,18,2.2814,2.3329,14.5496,2.4091,2.9477,0.1277,0.6148,0.7425,NA,"fixed so probes align correctly with data",NA,NA,1.26,NA,NA
"NWHarbor_earlyJuly_T2_DO2","NWHarbor","earlyJuly","Trial 2","DO2","10_20",-0.0683247807499993,-0.0696811039424997,"6/30/2022","NWHarbor","earlyJuly","T2","DO2","1A","NW_1A_2",48,51,20,2.3004,2.3968,23.1228,2.4783,3.4173,0.1779,1.0205,1.1984,20,"fixed so probes align correctly with data",NA,0.02,1.28,4.39577057581189,3.23426039560866
"NWHarbor_earlyJuly_T2_DO2","NWHarbor","earlyJuly","Trial 2","DO2","30_40",-0.0513707407500001,-0.0513707407500007,"6/30/2022","NWHarbor","earlyJuly","T2","DO2","1A","NW_1A_2",48,51,20,2.3004,2.3968,23.1228,2.4783,3.4173,0.1779,1.0205,1.1984,20,"fixed so probes align correctly with data",NA,0.02,1.28,3.24067757067762,3.23426039560866
"NWHarbor_earlyJuly_T2_DO2","NWHarbor","earlyJuly","Trial 2","DO2","40_50",-0.0450129759999995,-0.0461997587925,"6/30/2022","NWHarbor","earlyJuly","T2","DO2","1A","NW_1A_2",48,51,20,2.3004,2.3968,23.1228,2.4783,3.4173,0.1779,1.0205,1.1984,20,"fixed so probes align correctly with data",NA,0.02,1.28,2.91447076494743,3.23426039560866
"NWHarbor_earlyJuly_T2_DO2","NWHarbor","earlyJuly","Trial 2","DO2","50_60",-0.0522184429999988,-0.0468779204349999,"6/30/2022","NWHarbor","earlyJuly","T2","DO2","1A","NW_1A_2",48,51,20,2.3004,2.3968,23.1228,2.4783,3.4173,0.1779,1.0205,1.1984,20,"fixed so probes align correctly with data",NA,0.02,1.28,2.95725199005841,3.23426039560866
"NWHarbor_earlyJuly_T2_DO2","NWHarbor","earlyJuly","Trial 2","DO2","20_30",-0.0401810745,-0.0422155592875008,"6/30/2022","NWHarbor","earlyJuly","T2","DO2","1A","NW_1A_2",48,51,20,2.3004,2.3968,23.1228,2.4783,3.4173,0.1779,1.0205,1.1984,20,"fixed so probes align correctly with data",NA,0.02,1.28,2.66313107654795,3.23426039560866
"NWHarbor_earlyJuly_T2_DO4","NWHarbor","earlyJuly","Trial 2","DO4","10_20",-0.0348405517499996,-0.0361968749425,"6/30/2022","NWHarbor","earlyJuly","T2","DO4","2A","NW_2A_4",42,47,18,2.3603,2.2829,15.1016,2.5107,2.8154,0.1504,0.5325,0.6829,15,"fixed so probes align correctly with data",NA,0.015,1.25,3.9276445061345,3.5100448467933
"NWHarbor_earlyJuly_T2_DO4","NWHarbor","earlyJuly","Trial 2","DO4","20_30",-0.0316192844999992,-0.0336537692874999,"6/30/2022","NWHarbor","earlyJuly","T2","DO4","2A","NW_2A_4",42,47,18,2.3603,2.2829,15.1016,2.5107,2.8154,0.1504,0.5325,0.6829,15,"fixed so probes align correctly with data",NA,0.015,1.25,3.65169761927624,3.5100448467933
"NWHarbor_earlyJuly_T2_DO4","NWHarbor","earlyJuly","Trial 2","DO4","40_50",-0.0305172717499991,-0.0317040545424996,"6/30/2022","NWHarbor","earlyJuly","T2","DO4","2A","NW_2A_4",42,47,18,2.3603,2.2829,15.1016,2.5107,2.8154,0.1504,0.5325,0.6829,15,"fixed so probes align correctly with data",NA,0.015,1.25,3.44013829491759,3.5100448467933
"NWHarbor_earlyJuly_T2_DO4","NWHarbor","earlyJuly","Trial 2","DO4","50_60",-0.0327212969999988,-0.0273807744349999,"6/30/2022","NWHarbor","earlyJuly","T2","DO4","2A","NW_2A_4",42,47,18,2.3603,2.2829,15.1016,2.5107,2.8154,0.1504,0.5325,0.6829,15,"fixed so probes align correctly with data",NA,0.015,1.25,2.97102853365572,3.5100448467933
"NWHarbor_earlyJuly_T2_DO4","NWHarbor","earlyJuly","Trial 2","DO4","30_40",-0.0328060669999996,-0.0328060670000002,"6/30/2022","NWHarbor","earlyJuly","T2","DO4","2A","NW_2A_4",42,47,18,2.3603,2.2829,15.1016,2.5107,2.8154,0.1504,0.5325,0.6829,15,"fixed so probes align correctly with data",NA,0.015,1.25,3.55971527998245,3.5100448467933
"OrientPoint_earlyJuly_T1_DO4","OrientPoint","earlyJuly","Trial 1","DO4","10_20",-0.01669972925,-0.0191580649999994,"7/8/2022","OrientPoint","earlyJuly","T1","DO4","3A","OP_3A_4",51,55,22,2.3209,2.3702,25.2921,2.4552,3.2524,0.1343,0.8822,1.0165,20,"",NA,0.02,1.25,1.39091509788486,1.93866485454007
"OrientPoint_earlyJuly_T1_DO4","OrientPoint","earlyJuly","Trial 1","DO4","20_30",-0.0217859412499999,-0.0233965750000005,"7/8/2022","OrientPoint","earlyJuly","T1","DO4","3A","OP_3A_4",51,55,22,2.3209,2.3702,25.2921,2.4552,3.2524,0.1343,0.8822,1.0165,20,"",NA,0.02,1.25,1.69863968027549,1.93866485454007
"OrientPoint_earlyJuly_T1_DO4","OrientPoint","earlyJuly","Trial 1","DO4","30_40",-0.0332299182499992,-0.0359425644999996,"7/8/2022","OrientPoint","earlyJuly","T1","DO4","3A","OP_3A_4",51,55,22,2.3209,2.3702,25.2921,2.4552,3.2524,0.1343,0.8822,1.0165,20,"",NA,0.02,1.25,2.60950443689126,1.93866485454007
"OrientPoint_earlyJuly_T1_DO4","OrientPoint","earlyJuly","Trial 1","DO4","40_50",-0.0262787619999995,-0.0292457189999998,"7/8/2022","OrientPoint","earlyJuly","T1","DO4","3A","OP_3A_4",51,55,22,2.3209,2.3702,25.2921,2.4552,3.2524,0.1343,0.8822,1.0165,20,"",NA,0.02,1.25,2.12329961849482,1.93866485454007
"OrientPoint_earlyJuly_T1_DO4","OrientPoint","earlyJuly","Trial 1","DO4","50_60",-0.0224641027499989,-0.0257701404999997,"7/8/2022","OrientPoint","earlyJuly","T1","DO4","3A","OP_3A_4",51,55,22,2.3209,2.3702,25.2921,2.4552,3.2524,0.1343,0.8822,1.0165,20,"",NA,0.02,1.25,1.87096543915394,1.93866485454007
"OrientPoint_earlyJuly_T2_DO1","OrientPoint","earlyJuly","Trial 2","DO1","10_20",-0.0166149589999998,-0.0190732947499993,"7/8/2022","OrientPoint","earlyJuly","T2","DO1","3A","OP_3A_1",48,53,21,2.3564,2.3057,20.6017,2.4838,3.0508,0.1274,0.7451,0.8725,15,"",NA,0.015,1.26,1.63298007773633,1.46460169299712
"OrientPoint_earlyJuly_T2_DO1","OrientPoint","earlyJuly","Trial 2","DO1","20_30",-0.0173778907499997,-0.0189885245000004,"7/8/2022","OrientPoint","earlyJuly","T2","DO1","3A","OP_3A_1",48,53,21,2.3564,2.3057,20.6017,2.4838,3.0508,0.1274,0.7451,0.8725,15,"",NA,0.015,1.26,1.62572238412611,1.46460169299712
"OrientPoint_earlyJuly_T2_DO1","OrientPoint","earlyJuly","Trial 2","DO1","30_40",-0.0140718532499991,-0.0167844994999995,"7/8/2022","OrientPoint","earlyJuly","T2","DO1","3A","OP_3A_1",48,53,21,2.3564,2.3057,20.6017,2.4838,3.0508,0.1274,0.7451,0.8725,15,"",NA,0.015,1.26,1.43702247868191,1.46460169299712
"OrientPoint_earlyJuly_T2_DO1","OrientPoint","earlyJuly","Trial 2","DO1","40_50",-0.00813793924999972,-0.01110489625,"7/8/2022","OrientPoint","earlyJuly","T2","DO1","3A","OP_3A_1",48,53,21,2.3564,2.3057,20.6017,2.4838,3.0508,0.1274,0.7451,0.8725,15,"",NA,0.015,1.26,0.950757306446993,1.46460169299712
"OrientPoint_earlyJuly_T2_DO1","OrientPoint","earlyJuly","Trial 2","DO1","50_60",-0.0162758782499992,-0.019581916,"7/8/2022","OrientPoint","earlyJuly","T2","DO1","3A","OP_3A_1",48,53,21,2.3564,2.3057,20.6017,2.4838,3.0508,0.1274,0.7451,0.8725,15,"",NA,0.015,1.26,1.67652621799427,1.46460169299712
"OrientPoint_earlyJuly_T2_DO2","OrientPoint","earlyJuly","Trial 2","DO2","10_20",-0.0313649737499993,-0.0338233094999987,"7/8/2022","OrientPoint","earlyJuly","T2","DO2","1A","OP_1A_2_2",42,45,18,2.2448,2.3164,16.0662,2.3187,2.91,0.0739,0.5936,0.6675,15,"",NA,0.015,1.28,3.84597631617963,3.91730520314606
"OrientPoint_earlyJuly_T2_DO2","OrientPoint","earlyJuly","Trial 2","DO2","20_30",-0.0394181427499995,-0.0410287765000001,"7/8/2022","OrientPoint","earlyJuly","T2","DO2","1A","OP_1A_2_2",42,45,18,2.2448,2.3164,16.0662,2.3187,2.91,0.0739,0.5936,0.6675,15,"",NA,0.015,1.28,4.66529458629215,3.91730520314606
"OrientPoint_earlyJuly_T2_DO2","OrientPoint","earlyJuly","Trial 2","DO2","30_40",-0.02585491075,-0.0285675570000004,"7/8/2022","OrientPoint","earlyJuly","T2","DO2","1A","OP_1A_2_2",42,45,18,2.2448,2.3164,16.0662,2.3187,2.91,0.0739,0.5936,0.6675,15,"",NA,0.015,1.28,3.24835591955061,3.91730520314606
"OrientPoint_earlyJuly_T2_DO2","OrientPoint","earlyJuly","Trial 2","DO2","40_50",-0.0328908374999998,-0.0358577945000001,"7/8/2022","OrientPoint","earlyJuly","T2","DO2","1A","OP_1A_2_2",42,45,18,2.2448,2.3164,16.0662,2.3187,2.91,0.0739,0.5936,0.6675,15,"",NA,0.015,1.28,4.07731326224721,3.91730520314606
"OrientPoint_earlyJuly_T2_DO2","OrientPoint","earlyJuly","Trial 2","DO2","50_60",-0.0296695697499996,-0.0329756075000004,"7/8/2022","OrientPoint","earlyJuly","T2","DO2","1A","OP_1A_2_2",42,45,18,2.2448,2.3164,16.0662,2.3187,2.91,0.0739,0.5936,0.6675,15,"",NA,0.015,1.28,3.74958593146072,3.91730520314606
"OrientPoint_earlyJuly_T2_DO4","OrientPoint","earlyJuly","Trial 2","DO4","10_20",-0.0254310597499993,-0.0278893954999988,"7/8/2022","OrientPoint","earlyJuly","T2","DO4","2A","OP_2A_4",55,62,25,2.2833,2.3022,37.516,2.4774,3.8169,0.1941,1.5147,1.7088,20,"",NA,0.02,1.25,1.20449285340585,0.968719785147463
"OrientPoint_earlyJuly_T2_DO4","OrientPoint","earlyJuly","Trial 2","DO4","20_30",-0.0195819159999995,-0.0211925497500001,"7/8/2022","OrientPoint","earlyJuly","T2","DO4","2A","OP_2A_4",55,62,25,2.2833,2.3022,37.516,2.4774,3.8169,0.1941,1.5147,1.7088,20,"",NA,0.02,1.25,0.915268124736663,0.968719785147463
"OrientPoint_earlyJuly_T2_DO4","OrientPoint","earlyJuly","Trial 2","DO4","30_40",-0.0123764492499995,-0.0150890955,"7/8/2022","OrientPoint","earlyJuly","T2","DO4","2A","OP_2A_4",55,62,25,2.2833,2.3022,37.516,2.4774,3.8169,0.1941,1.5147,1.7088,20,"",NA,0.02,1.25,0.651670908181179,0.968719785147463
"OrientPoint_earlyJuly_T2_DO4","OrientPoint","earlyJuly","Trial 2","DO4","40_50",-0.0213620902499998,-0.0243290472500001,"7/8/2022","OrientPoint","earlyJuly","T2","DO4","2A","OP_2A_4",55,62,25,2.2833,2.3022,37.516,2.4774,3.8169,0.1941,1.5147,1.7088,20,"",NA,0.02,1.25,1.05072781311447,0.968719785147463
"OrientPoint_earlyJuly_T2_DO4","OrientPoint","earlyJuly","Trial 2","DO4","50_60",-0.0203448477499993,-0.0236508855000001,"7/8/2022","OrientPoint","earlyJuly","T2","DO4","2A","OP_2A_4",55,62,25,2.2833,2.3022,37.516,2.4774,3.8169,0.1941,1.5147,1.7088,20,"",NA,0.02,1.25,1.02143922629916,0.968719785147463
